[0.071s] DEBUG:colcon:Command line arguments: ['/usr/bin/colcon', 'build']
[0.071s] DEBUG:colcon:Parsed command line arguments: Namespace(log_base=None, log_level=None, verb_name='build', build_base='build', install_base='install', merge_install=False, symlink_install=False, test_result_base=None, continue_on_error=False, executor='parallel', parallel_workers=16, event_handlers=None, ignore_user_meta=False, metas=['./colcon.meta'], base_paths=['.'], packages_ignore=None, packages_ignore_regex=None, paths=None, packages_up_to=None, packages_up_to_regex=None, packages_above=None, packages_above_and_dependencies=None, packages_above_depth=None, packages_select_by_dep=None, packages_skip_by_dep=None, packages_skip_up_to=None, packages_select_build_failed=False, packages_skip_build_finished=False, packages_select_test_failures=False, packages_skip_test_passed=False, packages_select=None, packages_skip=None, packages_select_regex=None, packages_skip_regex=None, packages_start=None, packages_end=None, allow_overriding=[], cmake_args=None, cmake_target=None, cmake_target_skip_unavailable=False, cmake_clean_cache=False, cmake_clean_first=False, cmake_force_configure=False, ament_cmake_args=None, catkin_cmake_args=None, catkin_skip_building_tests=False, mixin_files=None, mixin=None, verb_parser=<colcon_mixin.mixin.mixin_argument.MixinArgumentDecorator object at 0x79aa4548ded0>, verb_extension=<colcon_core.verb.build.BuildVerb object at 0x79aa4548d930>, main=<bound method BuildVerb.main of <colcon_core.verb.build.BuildVerb object at 0x79aa4548d930>>, mixin_verb=('build',))
[0.178s] Level 1:colcon.colcon_core.package_discovery:discover_packages(colcon_meta) check parameters
[0.179s] Level 1:colcon.colcon_core.package_discovery:discover_packages(recursive) check parameters
[0.179s] Level 1:colcon.colcon_core.package_discovery:discover_packages(ignore) check parameters
[0.179s] Level 1:colcon.colcon_core.package_discovery:discover_packages(path) check parameters
[0.179s] Level 1:colcon.colcon_core.package_discovery:discover_packages(colcon_meta) discover
[0.179s] Level 1:colcon.colcon_core.package_discovery:discover_packages(recursive) discover
[0.179s] INFO:colcon.colcon_core.package_discovery:Crawling recursively for packages in '/home/alecr/HRI'
[0.179s] Level 1:colcon.colcon_core.package_identification:_identify(.) by extensions ['ignore', 'ignore_ament_install']
[0.179s] Level 1:colcon.colcon_core.package_identification:_identify(.) by extension 'ignore'
[0.179s] Level 1:colcon.colcon_core.package_identification:_identify(.) by extension 'ignore_ament_install'
[0.179s] Level 1:colcon.colcon_core.package_identification:_identify(.) by extensions ['colcon_pkg']
[0.179s] Level 1:colcon.colcon_core.package_identification:_identify(.) by extension 'colcon_pkg'
[0.179s] Level 1:colcon.colcon_core.package_identification:_identify(.) by extensions ['colcon_meta']
[0.179s] Level 1:colcon.colcon_core.package_identification:_identify(.) by extension 'colcon_meta'
[0.179s] Level 1:colcon.colcon_core.package_identification:_identify(.) by extensions ['ros']
[0.179s] Level 1:colcon.colcon_core.package_identification:_identify(.) by extension 'ros'
[0.191s] Level 1:colcon.colcon_core.package_identification:_identify(.) by extensions ['cmake', 'python']
[0.191s] Level 1:colcon.colcon_core.package_identification:_identify(.) by extension 'cmake'
[0.191s] Level 1:colcon.colcon_core.package_identification:_identify(.) by extension 'python'
[0.191s] Level 1:colcon.colcon_core.package_identification:_identify(.) by extensions ['python_setup_py']
[0.191s] Level 1:colcon.colcon_core.package_identification:_identify(.) by extension 'python_setup_py'
[0.191s] Level 1:colcon.colcon_core.package_identification:_identify(build) by extensions ['ignore', 'ignore_ament_install']
[0.191s] Level 1:colcon.colcon_core.package_identification:_identify(build) by extension 'ignore'
[0.191s] Level 1:colcon.colcon_core.package_identification:_identify(build) ignored
[0.191s] Level 1:colcon.colcon_core.package_identification:_identify(install) by extensions ['ignore', 'ignore_ament_install']
[0.191s] Level 1:colcon.colcon_core.package_identification:_identify(install) by extension 'ignore'
[0.191s] Level 1:colcon.colcon_core.package_identification:_identify(install) ignored
[0.191s] Level 1:colcon.colcon_core.package_identification:_identify(log) by extensions ['ignore', 'ignore_ament_install']
[0.191s] Level 1:colcon.colcon_core.package_identification:_identify(log) by extension 'ignore'
[0.191s] Level 1:colcon.colcon_core.package_identification:_identify(log) ignored
[0.191s] Level 1:colcon.colcon_core.package_identification:_identify(src) by extensions ['ignore', 'ignore_ament_install']
[0.191s] Level 1:colcon.colcon_core.package_identification:_identify(src) by extension 'ignore'
[0.192s] Level 1:colcon.colcon_core.package_identification:_identify(src) by extension 'ignore_ament_install'
[0.192s] Level 1:colcon.colcon_core.package_identification:_identify(src) by extensions ['colcon_pkg']
[0.192s] Level 1:colcon.colcon_core.package_identification:_identify(src) by extension 'colcon_pkg'
[0.192s] Level 1:colcon.colcon_core.package_identification:_identify(src) by extensions ['colcon_meta']
[0.192s] Level 1:colcon.colcon_core.package_identification:_identify(src) by extension 'colcon_meta'
[0.192s] Level 1:colcon.colcon_core.package_identification:_identify(src) by extensions ['ros']
[0.192s] Level 1:colcon.colcon_core.package_identification:_identify(src) by extension 'ros'
[0.192s] Level 1:colcon.colcon_core.package_identification:_identify(src) by extensions ['cmake', 'python']
[0.192s] Level 1:colcon.colcon_core.package_identification:_identify(src) by extension 'cmake'
[0.192s] Level 1:colcon.colcon_core.package_identification:_identify(src) by extension 'python'
[0.192s] Level 1:colcon.colcon_core.package_identification:_identify(src) by extensions ['python_setup_py']
[0.192s] Level 1:colcon.colcon_core.package_identification:_identify(src) by extension 'python_setup_py'
[0.192s] Level 1:colcon.colcon_core.package_identification:_identify(src/DynamixelSDK) by extensions ['ignore', 'ignore_ament_install']
[0.192s] Level 1:colcon.colcon_core.package_identification:_identify(src/DynamixelSDK) by extension 'ignore'
[0.192s] Level 1:colcon.colcon_core.package_identification:_identify(src/DynamixelSDK) by extension 'ignore_ament_install'
[0.192s] Level 1:colcon.colcon_core.package_identification:_identify(src/DynamixelSDK) by extensions ['colcon_pkg']
[0.192s] Level 1:colcon.colcon_core.package_identification:_identify(src/DynamixelSDK) by extension 'colcon_pkg'
[0.192s] Level 1:colcon.colcon_core.package_identification:_identify(src/DynamixelSDK) by extensions ['colcon_meta']
[0.192s] Level 1:colcon.colcon_core.package_identification:_identify(src/DynamixelSDK) by extension 'colcon_meta'
[0.192s] Level 1:colcon.colcon_core.package_identification:_identify(src/DynamixelSDK) by extensions ['ros']
[0.192s] Level 1:colcon.colcon_core.package_identification:_identify(src/DynamixelSDK) by extension 'ros'
[0.192s] Level 1:colcon.colcon_core.package_identification:_identify(src/DynamixelSDK) by extensions ['cmake', 'python']
[0.192s] Level 1:colcon.colcon_core.package_identification:_identify(src/DynamixelSDK) by extension 'cmake'
[0.192s] Level 1:colcon.colcon_core.package_identification:_identify(src/DynamixelSDK) by extension 'python'
[0.192s] Level 1:colcon.colcon_core.package_identification:_identify(src/DynamixelSDK) by extensions ['python_setup_py']
[0.192s] Level 1:colcon.colcon_core.package_identification:_identify(src/DynamixelSDK) by extension 'python_setup_py'
[0.192s] Level 1:colcon.colcon_core.package_identification:_identify(src/DynamixelSDK/dynamixel_sdk) by extensions ['ignore', 'ignore_ament_install']
[0.192s] Level 1:colcon.colcon_core.package_identification:_identify(src/DynamixelSDK/dynamixel_sdk) by extension 'ignore'
[0.192s] Level 1:colcon.colcon_core.package_identification:_identify(src/DynamixelSDK/dynamixel_sdk) by extension 'ignore_ament_install'
[0.192s] Level 1:colcon.colcon_core.package_identification:_identify(src/DynamixelSDK/dynamixel_sdk) by extensions ['colcon_pkg']
[0.192s] Level 1:colcon.colcon_core.package_identification:_identify(src/DynamixelSDK/dynamixel_sdk) by extension 'colcon_pkg'
[0.192s] Level 1:colcon.colcon_core.package_identification:_identify(src/DynamixelSDK/dynamixel_sdk) by extensions ['colcon_meta']
[0.192s] Level 1:colcon.colcon_core.package_identification:_identify(src/DynamixelSDK/dynamixel_sdk) by extension 'colcon_meta'
[0.192s] Level 1:colcon.colcon_core.package_identification:_identify(src/DynamixelSDK/dynamixel_sdk) by extensions ['ros']
[0.192s] Level 1:colcon.colcon_core.package_identification:_identify(src/DynamixelSDK/dynamixel_sdk) by extension 'ros'
[0.194s] DEBUG:colcon.colcon_core.package_identification:Package 'src/DynamixelSDK/dynamixel_sdk' with type 'ros.ament_cmake' and name 'dynamixel_sdk'
[0.194s] Level 1:colcon.colcon_core.package_identification:_identify(src/DynamixelSDK/dynamixel_sdk_custom_interfaces) by extensions ['ignore', 'ignore_ament_install']
[0.194s] Level 1:colcon.colcon_core.package_identification:_identify(src/DynamixelSDK/dynamixel_sdk_custom_interfaces) by extension 'ignore'
[0.194s] Level 1:colcon.colcon_core.package_identification:_identify(src/DynamixelSDK/dynamixel_sdk_custom_interfaces) by extension 'ignore_ament_install'
[0.194s] Level 1:colcon.colcon_core.package_identification:_identify(src/DynamixelSDK/dynamixel_sdk_custom_interfaces) by extensions ['colcon_pkg']
[0.194s] Level 1:colcon.colcon_core.package_identification:_identify(src/DynamixelSDK/dynamixel_sdk_custom_interfaces) by extension 'colcon_pkg'
[0.194s] Level 1:colcon.colcon_core.package_identification:_identify(src/DynamixelSDK/dynamixel_sdk_custom_interfaces) by extensions ['colcon_meta']
[0.194s] Level 1:colcon.colcon_core.package_identification:_identify(src/DynamixelSDK/dynamixel_sdk_custom_interfaces) by extension 'colcon_meta'
[0.194s] Level 1:colcon.colcon_core.package_identification:_identify(src/DynamixelSDK/dynamixel_sdk_custom_interfaces) by extensions ['ros']
[0.194s] Level 1:colcon.colcon_core.package_identification:_identify(src/DynamixelSDK/dynamixel_sdk_custom_interfaces) by extension 'ros'
[0.195s] DEBUG:colcon.colcon_core.package_identification:Package 'src/DynamixelSDK/dynamixel_sdk_custom_interfaces' with type 'ros.ament_cmake' and name 'dynamixel_sdk_custom_interfaces'
[0.195s] Level 1:colcon.colcon_core.package_identification:_identify(src/DynamixelSDK/dynamixel_sdk_examples) by extensions ['ignore', 'ignore_ament_install']
[0.195s] Level 1:colcon.colcon_core.package_identification:_identify(src/DynamixelSDK/dynamixel_sdk_examples) by extension 'ignore'
[0.195s] Level 1:colcon.colcon_core.package_identification:_identify(src/DynamixelSDK/dynamixel_sdk_examples) by extension 'ignore_ament_install'
[0.195s] Level 1:colcon.colcon_core.package_identification:_identify(src/DynamixelSDK/dynamixel_sdk_examples) by extensions ['colcon_pkg']
[0.195s] Level 1:colcon.colcon_core.package_identification:_identify(src/DynamixelSDK/dynamixel_sdk_examples) by extension 'colcon_pkg'
[0.195s] Level 1:colcon.colcon_core.package_identification:_identify(src/DynamixelSDK/dynamixel_sdk_examples) by extensions ['colcon_meta']
[0.195s] Level 1:colcon.colcon_core.package_identification:_identify(src/DynamixelSDK/dynamixel_sdk_examples) by extension 'colcon_meta'
[0.195s] Level 1:colcon.colcon_core.package_identification:_identify(src/DynamixelSDK/dynamixel_sdk_examples) by extensions ['ros']
[0.195s] Level 1:colcon.colcon_core.package_identification:_identify(src/DynamixelSDK/dynamixel_sdk_examples) by extension 'ros'
[0.195s] DEBUG:colcon.colcon_core.package_identification:Package 'src/DynamixelSDK/dynamixel_sdk_examples' with type 'ros.ament_cmake' and name 'dynamixel_sdk_examples'
[0.195s] Level 1:colcon.colcon_core.package_identification:_identify(src/arm_control) by extensions ['ignore', 'ignore_ament_install']
[0.195s] Level 1:colcon.colcon_core.package_identification:_identify(src/arm_control) by extension 'ignore'
[0.195s] Level 1:colcon.colcon_core.package_identification:_identify(src/arm_control) by extension 'ignore_ament_install'
[0.195s] Level 1:colcon.colcon_core.package_identification:_identify(src/arm_control) by extensions ['colcon_pkg']
[0.196s] Level 1:colcon.colcon_core.package_identification:_identify(src/arm_control) by extension 'colcon_pkg'
[0.196s] Level 1:colcon.colcon_core.package_identification:_identify(src/arm_control) by extensions ['colcon_meta']
[0.196s] Level 1:colcon.colcon_core.package_identification:_identify(src/arm_control) by extension 'colcon_meta'
[0.196s] Level 1:colcon.colcon_core.package_identification:_identify(src/arm_control) by extensions ['ros']
[0.196s] Level 1:colcon.colcon_core.package_identification:_identify(src/arm_control) by extension 'ros'
[0.196s] DEBUG:colcon.colcon_core.package_identification:Package 'src/arm_control' with type 'ros.ament_python' and name 'arm_control'
[0.196s] Level 1:colcon.colcon_core.package_identification:_identify(src/build) by extensions ['ignore', 'ignore_ament_install']
[0.196s] Level 1:colcon.colcon_core.package_identification:_identify(src/build) by extension 'ignore'
[0.196s] Level 1:colcon.colcon_core.package_identification:_identify(src/build) ignored
[0.196s] Level 1:colcon.colcon_core.package_identification:_identify(src/dynamixel-workbench) by extensions ['ignore', 'ignore_ament_install']
[0.196s] Level 1:colcon.colcon_core.package_identification:_identify(src/dynamixel-workbench) by extension 'ignore'
[0.196s] Level 1:colcon.colcon_core.package_identification:_identify(src/dynamixel-workbench) by extension 'ignore_ament_install'
[0.196s] Level 1:colcon.colcon_core.package_identification:_identify(src/dynamixel-workbench) by extensions ['colcon_pkg']
[0.196s] Level 1:colcon.colcon_core.package_identification:_identify(src/dynamixel-workbench) by extension 'colcon_pkg'
[0.196s] Level 1:colcon.colcon_core.package_identification:_identify(src/dynamixel-workbench) by extensions ['colcon_meta']
[0.196s] Level 1:colcon.colcon_core.package_identification:_identify(src/dynamixel-workbench) by extension 'colcon_meta'
[0.196s] Level 1:colcon.colcon_core.package_identification:_identify(src/dynamixel-workbench) by extensions ['ros']
[0.196s] Level 1:colcon.colcon_core.package_identification:_identify(src/dynamixel-workbench) by extension 'ros'
[0.196s] Level 1:colcon.colcon_core.package_identification:_identify(src/dynamixel-workbench) by extensions ['cmake', 'python']
[0.196s] Level 1:colcon.colcon_core.package_identification:_identify(src/dynamixel-workbench) by extension 'cmake'
[0.196s] Level 1:colcon.colcon_core.package_identification:_identify(src/dynamixel-workbench) by extension 'python'
[0.196s] Level 1:colcon.colcon_core.package_identification:_identify(src/dynamixel-workbench) by extensions ['python_setup_py']
[0.196s] Level 1:colcon.colcon_core.package_identification:_identify(src/dynamixel-workbench) by extension 'python_setup_py'
[0.196s] Level 1:colcon.colcon_core.package_identification:_identify(src/dynamixel-workbench/dynamixel_workbench) by extensions ['ignore', 'ignore_ament_install']
[0.196s] Level 1:colcon.colcon_core.package_identification:_identify(src/dynamixel-workbench/dynamixel_workbench) by extension 'ignore'
[0.197s] Level 1:colcon.colcon_core.package_identification:_identify(src/dynamixel-workbench/dynamixel_workbench) by extension 'ignore_ament_install'
[0.197s] Level 1:colcon.colcon_core.package_identification:_identify(src/dynamixel-workbench/dynamixel_workbench) by extensions ['colcon_pkg']
[0.197s] Level 1:colcon.colcon_core.package_identification:_identify(src/dynamixel-workbench/dynamixel_workbench) by extension 'colcon_pkg'
[0.197s] Level 1:colcon.colcon_core.package_identification:_identify(src/dynamixel-workbench/dynamixel_workbench) by extensions ['colcon_meta']
[0.197s] Level 1:colcon.colcon_core.package_identification:_identify(src/dynamixel-workbench/dynamixel_workbench) by extension 'colcon_meta'
[0.197s] Level 1:colcon.colcon_core.package_identification:_identify(src/dynamixel-workbench/dynamixel_workbench) by extensions ['ros']
[0.197s] Level 1:colcon.colcon_core.package_identification:_identify(src/dynamixel-workbench/dynamixel_workbench) by extension 'ros'
[0.197s] DEBUG:colcon.colcon_core.package_identification:Package 'src/dynamixel-workbench/dynamixel_workbench' with type 'ros.ament_cmake' and name 'dynamixel_workbench'
[0.197s] Level 1:colcon.colcon_core.package_identification:_identify(src/dynamixel-workbench/dynamixel_workbench_toolbox) by extensions ['ignore', 'ignore_ament_install']
[0.197s] Level 1:colcon.colcon_core.package_identification:_identify(src/dynamixel-workbench/dynamixel_workbench_toolbox) by extension 'ignore'
[0.197s] Level 1:colcon.colcon_core.package_identification:_identify(src/dynamixel-workbench/dynamixel_workbench_toolbox) by extension 'ignore_ament_install'
[0.197s] Level 1:colcon.colcon_core.package_identification:_identify(src/dynamixel-workbench/dynamixel_workbench_toolbox) by extensions ['colcon_pkg']
[0.197s] Level 1:colcon.colcon_core.package_identification:_identify(src/dynamixel-workbench/dynamixel_workbench_toolbox) by extension 'colcon_pkg'
[0.197s] Level 1:colcon.colcon_core.package_identification:_identify(src/dynamixel-workbench/dynamixel_workbench_toolbox) by extensions ['colcon_meta']
[0.197s] Level 1:colcon.colcon_core.package_identification:_identify(src/dynamixel-workbench/dynamixel_workbench_toolbox) by extension 'colcon_meta'
[0.197s] Level 1:colcon.colcon_core.package_identification:_identify(src/dynamixel-workbench/dynamixel_workbench_toolbox) by extensions ['ros']
[0.197s] Level 1:colcon.colcon_core.package_identification:_identify(src/dynamixel-workbench/dynamixel_workbench_toolbox) by extension 'ros'
[0.198s] DEBUG:colcon.colcon_core.package_identification:Package 'src/dynamixel-workbench/dynamixel_workbench_toolbox' with type 'ros.ament_cmake' and name 'dynamixel_workbench_toolbox'
[0.198s] Level 1:colcon.colcon_core.package_identification:_identify(src/install) by extensions ['ignore', 'ignore_ament_install']
[0.198s] Level 1:colcon.colcon_core.package_identification:_identify(src/install) by extension 'ignore'
[0.198s] Level 1:colcon.colcon_core.package_identification:_identify(src/install) ignored
[0.198s] Level 1:colcon.colcon_core.package_identification:_identify(src/log) by extensions ['ignore', 'ignore_ament_install']
[0.198s] Level 1:colcon.colcon_core.package_identification:_identify(src/log) by extension 'ignore'
[0.198s] Level 1:colcon.colcon_core.package_identification:_identify(src/log) ignored
[0.198s] Level 1:colcon.colcon_core.package_identification:_identify(src/open_manipulator) by extensions ['ignore', 'ignore_ament_install']
[0.198s] Level 1:colcon.colcon_core.package_identification:_identify(src/open_manipulator) by extension 'ignore'
[0.198s] Level 1:colcon.colcon_core.package_identification:_identify(src/open_manipulator) by extension 'ignore_ament_install'
[0.198s] Level 1:colcon.colcon_core.package_identification:_identify(src/open_manipulator) by extensions ['colcon_pkg']
[0.198s] Level 1:colcon.colcon_core.package_identification:_identify(src/open_manipulator) by extension 'colcon_pkg'
[0.198s] Level 1:colcon.colcon_core.package_identification:_identify(src/open_manipulator) by extensions ['colcon_meta']
[0.198s] Level 1:colcon.colcon_core.package_identification:_identify(src/open_manipulator) by extension 'colcon_meta'
[0.198s] Level 1:colcon.colcon_core.package_identification:_identify(src/open_manipulator) by extensions ['ros']
[0.198s] Level 1:colcon.colcon_core.package_identification:_identify(src/open_manipulator) by extension 'ros'
[0.198s] Level 1:colcon.colcon_core.package_identification:_identify(src/open_manipulator) by extensions ['cmake', 'python']
[0.198s] Level 1:colcon.colcon_core.package_identification:_identify(src/open_manipulator) by extension 'cmake'
[0.198s] Level 1:colcon.colcon_core.package_identification:_identify(src/open_manipulator) by extension 'python'
[0.198s] Level 1:colcon.colcon_core.package_identification:_identify(src/open_manipulator) by extensions ['python_setup_py']
[0.198s] Level 1:colcon.colcon_core.package_identification:_identify(src/open_manipulator) by extension 'python_setup_py'
[0.198s] Level 1:colcon.colcon_core.package_identification:_identify(src/open_manipulator/open_manipulator) by extensions ['ignore', 'ignore_ament_install']
[0.198s] Level 1:colcon.colcon_core.package_identification:_identify(src/open_manipulator/open_manipulator) by extension 'ignore'
[0.199s] Level 1:colcon.colcon_core.package_identification:_identify(src/open_manipulator/open_manipulator) by extension 'ignore_ament_install'
[0.199s] Level 1:colcon.colcon_core.package_identification:_identify(src/open_manipulator/open_manipulator) by extensions ['colcon_pkg']
[0.199s] Level 1:colcon.colcon_core.package_identification:_identify(src/open_manipulator/open_manipulator) by extension 'colcon_pkg'
[0.199s] Level 1:colcon.colcon_core.package_identification:_identify(src/open_manipulator/open_manipulator) by extensions ['colcon_meta']
[0.199s] Level 1:colcon.colcon_core.package_identification:_identify(src/open_manipulator/open_manipulator) by extension 'colcon_meta'
[0.199s] Level 1:colcon.colcon_core.package_identification:_identify(src/open_manipulator/open_manipulator) by extensions ['ros']
[0.199s] Level 1:colcon.colcon_core.package_identification:_identify(src/open_manipulator/open_manipulator) by extension 'ros'
[0.199s] DEBUG:colcon.colcon_core.package_identification:Package 'src/open_manipulator/open_manipulator' with type 'ros.ament_cmake' and name 'open_manipulator'
[0.199s] Level 1:colcon.colcon_core.package_identification:_identify(src/open_manipulator/open_manipulator_x_controller) by extensions ['ignore', 'ignore_ament_install']
[0.199s] Level 1:colcon.colcon_core.package_identification:_identify(src/open_manipulator/open_manipulator_x_controller) by extension 'ignore'
[0.199s] Level 1:colcon.colcon_core.package_identification:_identify(src/open_manipulator/open_manipulator_x_controller) by extension 'ignore_ament_install'
[0.199s] Level 1:colcon.colcon_core.package_identification:_identify(src/open_manipulator/open_manipulator_x_controller) by extensions ['colcon_pkg']
[0.199s] Level 1:colcon.colcon_core.package_identification:_identify(src/open_manipulator/open_manipulator_x_controller) by extension 'colcon_pkg'
[0.199s] Level 1:colcon.colcon_core.package_identification:_identify(src/open_manipulator/open_manipulator_x_controller) by extensions ['colcon_meta']
[0.199s] Level 1:colcon.colcon_core.package_identification:_identify(src/open_manipulator/open_manipulator_x_controller) by extension 'colcon_meta'
[0.199s] Level 1:colcon.colcon_core.package_identification:_identify(src/open_manipulator/open_manipulator_x_controller) by extensions ['ros']
[0.199s] Level 1:colcon.colcon_core.package_identification:_identify(src/open_manipulator/open_manipulator_x_controller) by extension 'ros'
[0.200s] DEBUG:colcon.colcon_core.package_identification:Package 'src/open_manipulator/open_manipulator_x_controller' with type 'ros.ament_cmake' and name 'open_manipulator_x_controller'
[0.200s] Level 1:colcon.colcon_core.package_identification:_identify(src/open_manipulator/open_manipulator_x_description) by extensions ['ignore', 'ignore_ament_install']
[0.200s] Level 1:colcon.colcon_core.package_identification:_identify(src/open_manipulator/open_manipulator_x_description) by extension 'ignore'
[0.200s] Level 1:colcon.colcon_core.package_identification:_identify(src/open_manipulator/open_manipulator_x_description) by extension 'ignore_ament_install'
[0.200s] Level 1:colcon.colcon_core.package_identification:_identify(src/open_manipulator/open_manipulator_x_description) by extensions ['colcon_pkg']
[0.200s] Level 1:colcon.colcon_core.package_identification:_identify(src/open_manipulator/open_manipulator_x_description) by extension 'colcon_pkg'
[0.200s] Level 1:colcon.colcon_core.package_identification:_identify(src/open_manipulator/open_manipulator_x_description) by extensions ['colcon_meta']
[0.200s] Level 1:colcon.colcon_core.package_identification:_identify(src/open_manipulator/open_manipulator_x_description) by extension 'colcon_meta'
[0.200s] Level 1:colcon.colcon_core.package_identification:_identify(src/open_manipulator/open_manipulator_x_description) by extensions ['ros']
[0.200s] Level 1:colcon.colcon_core.package_identification:_identify(src/open_manipulator/open_manipulator_x_description) by extension 'ros'
[0.201s] DEBUG:colcon.colcon_core.package_identification:Package 'src/open_manipulator/open_manipulator_x_description' with type 'ros.ament_cmake' and name 'open_manipulator_x_description'
[0.201s] Level 1:colcon.colcon_core.package_identification:_identify(src/open_manipulator/open_manipulator_x_libs) by extensions ['ignore', 'ignore_ament_install']
[0.201s] Level 1:colcon.colcon_core.package_identification:_identify(src/open_manipulator/open_manipulator_x_libs) by extension 'ignore'
[0.201s] Level 1:colcon.colcon_core.package_identification:_identify(src/open_manipulator/open_manipulator_x_libs) by extension 'ignore_ament_install'
[0.201s] Level 1:colcon.colcon_core.package_identification:_identify(src/open_manipulator/open_manipulator_x_libs) by extensions ['colcon_pkg']
[0.201s] Level 1:colcon.colcon_core.package_identification:_identify(src/open_manipulator/open_manipulator_x_libs) by extension 'colcon_pkg'
[0.201s] Level 1:colcon.colcon_core.package_identification:_identify(src/open_manipulator/open_manipulator_x_libs) by extensions ['colcon_meta']
[0.201s] Level 1:colcon.colcon_core.package_identification:_identify(src/open_manipulator/open_manipulator_x_libs) by extension 'colcon_meta'
[0.201s] Level 1:colcon.colcon_core.package_identification:_identify(src/open_manipulator/open_manipulator_x_libs) by extensions ['ros']
[0.201s] Level 1:colcon.colcon_core.package_identification:_identify(src/open_manipulator/open_manipulator_x_libs) by extension 'ros'
[0.202s] DEBUG:colcon.colcon_core.package_identification:Package 'src/open_manipulator/open_manipulator_x_libs' with type 'ros.ament_cmake' and name 'open_manipulator_x_libs'
[0.202s] Level 1:colcon.colcon_core.package_identification:_identify(src/open_manipulator_dependencies) by extensions ['ignore', 'ignore_ament_install']
[0.202s] Level 1:colcon.colcon_core.package_identification:_identify(src/open_manipulator_dependencies) by extension 'ignore'
[0.202s] Level 1:colcon.colcon_core.package_identification:_identify(src/open_manipulator_dependencies) by extension 'ignore_ament_install'
[0.202s] Level 1:colcon.colcon_core.package_identification:_identify(src/open_manipulator_dependencies) by extensions ['colcon_pkg']
[0.202s] Level 1:colcon.colcon_core.package_identification:_identify(src/open_manipulator_dependencies) by extension 'colcon_pkg'
[0.202s] Level 1:colcon.colcon_core.package_identification:_identify(src/open_manipulator_dependencies) by extensions ['colcon_meta']
[0.202s] Level 1:colcon.colcon_core.package_identification:_identify(src/open_manipulator_dependencies) by extension 'colcon_meta'
[0.202s] Level 1:colcon.colcon_core.package_identification:_identify(src/open_manipulator_dependencies) by extensions ['ros']
[0.202s] Level 1:colcon.colcon_core.package_identification:_identify(src/open_manipulator_dependencies) by extension 'ros'
[0.202s] Level 1:colcon.colcon_core.package_identification:_identify(src/open_manipulator_dependencies) by extensions ['cmake', 'python']
[0.202s] Level 1:colcon.colcon_core.package_identification:_identify(src/open_manipulator_dependencies) by extension 'cmake'
[0.202s] Level 1:colcon.colcon_core.package_identification:_identify(src/open_manipulator_dependencies) by extension 'python'
[0.202s] Level 1:colcon.colcon_core.package_identification:_identify(src/open_manipulator_dependencies) by extensions ['python_setup_py']
[0.202s] Level 1:colcon.colcon_core.package_identification:_identify(src/open_manipulator_dependencies) by extension 'python_setup_py'
[0.202s] Level 1:colcon.colcon_core.package_identification:_identify(src/open_manipulator_dependencies/cmake_modules) by extensions ['ignore', 'ignore_ament_install']
[0.202s] Level 1:colcon.colcon_core.package_identification:_identify(src/open_manipulator_dependencies/cmake_modules) by extension 'ignore'
[0.202s] Level 1:colcon.colcon_core.package_identification:_identify(src/open_manipulator_dependencies/cmake_modules) by extension 'ignore_ament_install'
[0.202s] Level 1:colcon.colcon_core.package_identification:_identify(src/open_manipulator_dependencies/cmake_modules) by extensions ['colcon_pkg']
[0.202s] Level 1:colcon.colcon_core.package_identification:_identify(src/open_manipulator_dependencies/cmake_modules) by extension 'colcon_pkg'
[0.202s] Level 1:colcon.colcon_core.package_identification:_identify(src/open_manipulator_dependencies/cmake_modules) by extensions ['colcon_meta']
[0.202s] Level 1:colcon.colcon_core.package_identification:_identify(src/open_manipulator_dependencies/cmake_modules) by extension 'colcon_meta'
[0.202s] Level 1:colcon.colcon_core.package_identification:_identify(src/open_manipulator_dependencies/cmake_modules) by extensions ['ros']
[0.202s] Level 1:colcon.colcon_core.package_identification:_identify(src/open_manipulator_dependencies/cmake_modules) by extension 'ros'
[0.203s] DEBUG:colcon.colcon_core.package_identification:Package 'src/open_manipulator_dependencies/cmake_modules' with type 'ros.ament_cmake' and name 'cmake_modules'
[0.203s] Level 1:colcon.colcon_core.package_identification:_identify(src/open_manipulator_msgs) by extensions ['ignore', 'ignore_ament_install']
[0.203s] Level 1:colcon.colcon_core.package_identification:_identify(src/open_manipulator_msgs) by extension 'ignore'
[0.203s] Level 1:colcon.colcon_core.package_identification:_identify(src/open_manipulator_msgs) by extension 'ignore_ament_install'
[0.203s] Level 1:colcon.colcon_core.package_identification:_identify(src/open_manipulator_msgs) by extensions ['colcon_pkg']
[0.203s] Level 1:colcon.colcon_core.package_identification:_identify(src/open_manipulator_msgs) by extension 'colcon_pkg'
[0.203s] Level 1:colcon.colcon_core.package_identification:_identify(src/open_manipulator_msgs) by extensions ['colcon_meta']
[0.203s] Level 1:colcon.colcon_core.package_identification:_identify(src/open_manipulator_msgs) by extension 'colcon_meta'
[0.203s] Level 1:colcon.colcon_core.package_identification:_identify(src/open_manipulator_msgs) by extensions ['ros']
[0.203s] Level 1:colcon.colcon_core.package_identification:_identify(src/open_manipulator_msgs) by extension 'ros'
[0.203s] DEBUG:colcon.colcon_core.package_identification:Package 'src/open_manipulator_msgs' with type 'ros.ament_cmake' and name 'open_manipulator_msgs'
[0.203s] Level 1:colcon.colcon_core.package_identification:_identify(src/robotis_manipulator) by extensions ['ignore', 'ignore_ament_install']
[0.203s] Level 1:colcon.colcon_core.package_identification:_identify(src/robotis_manipulator) by extension 'ignore'
[0.203s] Level 1:colcon.colcon_core.package_identification:_identify(src/robotis_manipulator) by extension 'ignore_ament_install'
[0.204s] Level 1:colcon.colcon_core.package_identification:_identify(src/robotis_manipulator) by extensions ['colcon_pkg']
[0.204s] Level 1:colcon.colcon_core.package_identification:_identify(src/robotis_manipulator) by extension 'colcon_pkg'
[0.204s] Level 1:colcon.colcon_core.package_identification:_identify(src/robotis_manipulator) by extensions ['colcon_meta']
[0.204s] Level 1:colcon.colcon_core.package_identification:_identify(src/robotis_manipulator) by extension 'colcon_meta'
[0.204s] Level 1:colcon.colcon_core.package_identification:_identify(src/robotis_manipulator) by extensions ['ros']
[0.204s] Level 1:colcon.colcon_core.package_identification:_identify(src/robotis_manipulator) by extension 'ros'
[0.204s] DEBUG:colcon.colcon_core.package_identification:Package 'src/robotis_manipulator' with type 'ros.ament_cmake' and name 'robotis_manipulator'
[0.204s] Level 1:colcon.colcon_core.package_discovery:discover_packages(recursive) using defaults
[0.204s] Level 1:colcon.colcon_core.package_discovery:discover_packages(ignore) discover
[0.204s] Level 1:colcon.colcon_core.package_discovery:discover_packages(ignore) using defaults
[0.204s] Level 1:colcon.colcon_core.package_discovery:discover_packages(path) discover
[0.204s] Level 1:colcon.colcon_core.package_discovery:discover_packages(path) using defaults
[0.219s] Level 1:colcon.colcon_core.package_discovery:discover_packages(prefix_path) check parameters
[0.219s] Level 1:colcon.colcon_core.package_discovery:discover_packages(prefix_path) discover
[0.221s] DEBUG:colcon.colcon_installed_package_information.package_discovery:Found 15 installed packages in /home/alecr/HRI/install
[0.221s] DEBUG:colcon.colcon_installed_package_information.package_discovery:Found 31 installed packages in /home/alecr/ros2_ws/install
[0.223s] DEBUG:colcon.colcon_installed_package_information.package_discovery:Found 409 installed packages in /opt/ros/humble
[0.224s] Level 1:colcon.colcon_core.package_discovery:discover_packages(prefix_path) using defaults
[0.254s] WARNING:colcon.colcon_core.package_selection:Some selected packages are already built in one or more underlay workspaces:
	'dynamixel_sdk' is in: /home/alecr/HRI/install/dynamixel_sdk, /home/alecr/ros2_ws/install/dynamixel_sdk
	'open_manipulator_x_description' is in: /home/alecr/HRI/install/open_manipulator_x_description, /home/alecr/ros2_ws/install/open_manipulator_x_description
	'open_manipulator_msgs' is in: /home/alecr/HRI/install/open_manipulator_msgs
If a package in a merged underlay workspace is overridden and it installs headers, then all packages in the overlay must sort their include directories by workspace order. Failure to do so may result in build failures or undefined behavior at run time.
If the overridden package is used by another package in any underlay, then the overriding package in the overlay must be API and ABI compatible or undefined behavior at run time may occur.

If you understand the risks and want to override a package anyways, add the following to the command line:
	--allow-overriding dynamixel_sdk open_manipulator_msgs open_manipulator_x_description

This may be promoted to an error in a future release of colcon-override-check.
[0.255s] Level 5:colcon.colcon_core.verb:set package 'arm_control' build argument 'cmake_args' from command line to 'None'
[0.255s] Level 5:colcon.colcon_core.verb:set package 'arm_control' build argument 'cmake_target' from command line to 'None'
[0.255s] Level 5:colcon.colcon_core.verb:set package 'arm_control' build argument 'cmake_target_skip_unavailable' from command line to 'False'
[0.255s] Level 5:colcon.colcon_core.verb:set package 'arm_control' build argument 'cmake_clean_cache' from command line to 'False'
[0.255s] Level 5:colcon.colcon_core.verb:set package 'arm_control' build argument 'cmake_clean_first' from command line to 'False'
[0.255s] Level 5:colcon.colcon_core.verb:set package 'arm_control' build argument 'cmake_force_configure' from command line to 'False'
[0.255s] Level 5:colcon.colcon_core.verb:set package 'arm_control' build argument 'ament_cmake_args' from command line to 'None'
[0.255s] Level 5:colcon.colcon_core.verb:set package 'arm_control' build argument 'catkin_cmake_args' from command line to 'None'
[0.255s] Level 5:colcon.colcon_core.verb:set package 'arm_control' build argument 'catkin_skip_building_tests' from command line to 'False'
[0.255s] DEBUG:colcon.colcon_core.verb:Building package 'arm_control' with the following arguments: {'ament_cmake_args': None, 'build_base': '/home/alecr/HRI/build/arm_control', 'catkin_cmake_args': None, 'catkin_skip_building_tests': False, 'cmake_args': None, 'cmake_clean_cache': False, 'cmake_clean_first': False, 'cmake_force_configure': False, 'cmake_target': None, 'cmake_target_skip_unavailable': False, 'install_base': '/home/alecr/HRI/install/arm_control', 'merge_install': False, 'path': '/home/alecr/HRI/src/arm_control', 'symlink_install': False, 'test_result_base': None}
[0.255s] Level 5:colcon.colcon_core.verb:set package 'cmake_modules' build argument 'cmake_args' from command line to 'None'
[0.255s] Level 5:colcon.colcon_core.verb:set package 'cmake_modules' build argument 'cmake_target' from command line to 'None'
[0.255s] Level 5:colcon.colcon_core.verb:set package 'cmake_modules' build argument 'cmake_target_skip_unavailable' from command line to 'False'
[0.255s] Level 5:colcon.colcon_core.verb:set package 'cmake_modules' build argument 'cmake_clean_cache' from command line to 'False'
[0.255s] Level 5:colcon.colcon_core.verb:set package 'cmake_modules' build argument 'cmake_clean_first' from command line to 'False'
[0.255s] Level 5:colcon.colcon_core.verb:set package 'cmake_modules' build argument 'cmake_force_configure' from command line to 'False'
[0.255s] Level 5:colcon.colcon_core.verb:set package 'cmake_modules' build argument 'ament_cmake_args' from command line to 'None'
[0.255s] Level 5:colcon.colcon_core.verb:set package 'cmake_modules' build argument 'catkin_cmake_args' from command line to 'None'
[0.255s] Level 5:colcon.colcon_core.verb:set package 'cmake_modules' build argument 'catkin_skip_building_tests' from command line to 'False'
[0.255s] DEBUG:colcon.colcon_core.verb:Building package 'cmake_modules' with the following arguments: {'ament_cmake_args': None, 'build_base': '/home/alecr/HRI/build/cmake_modules', 'catkin_cmake_args': None, 'catkin_skip_building_tests': False, 'cmake_args': None, 'cmake_clean_cache': False, 'cmake_clean_first': False, 'cmake_force_configure': False, 'cmake_target': None, 'cmake_target_skip_unavailable': False, 'install_base': '/home/alecr/HRI/install/cmake_modules', 'merge_install': False, 'path': '/home/alecr/HRI/src/open_manipulator_dependencies/cmake_modules', 'symlink_install': False, 'test_result_base': None}
[0.255s] Level 5:colcon.colcon_core.verb:set package 'dynamixel_sdk' build argument 'cmake_args' from command line to 'None'
[0.255s] Level 5:colcon.colcon_core.verb:set package 'dynamixel_sdk' build argument 'cmake_target' from command line to 'None'
[0.255s] Level 5:colcon.colcon_core.verb:set package 'dynamixel_sdk' build argument 'cmake_target_skip_unavailable' from command line to 'False'
[0.255s] Level 5:colcon.colcon_core.verb:set package 'dynamixel_sdk' build argument 'cmake_clean_cache' from command line to 'False'
[0.255s] Level 5:colcon.colcon_core.verb:set package 'dynamixel_sdk' build argument 'cmake_clean_first' from command line to 'False'
[0.255s] Level 5:colcon.colcon_core.verb:set package 'dynamixel_sdk' build argument 'cmake_force_configure' from command line to 'False'
[0.255s] Level 5:colcon.colcon_core.verb:set package 'dynamixel_sdk' build argument 'ament_cmake_args' from command line to 'None'
[0.255s] Level 5:colcon.colcon_core.verb:set package 'dynamixel_sdk' build argument 'catkin_cmake_args' from command line to 'None'
[0.255s] Level 5:colcon.colcon_core.verb:set package 'dynamixel_sdk' build argument 'catkin_skip_building_tests' from command line to 'False'
[0.255s] DEBUG:colcon.colcon_core.verb:Building package 'dynamixel_sdk' with the following arguments: {'ament_cmake_args': None, 'build_base': '/home/alecr/HRI/build/dynamixel_sdk', 'catkin_cmake_args': None, 'catkin_skip_building_tests': False, 'cmake_args': None, 'cmake_clean_cache': False, 'cmake_clean_first': False, 'cmake_force_configure': False, 'cmake_target': None, 'cmake_target_skip_unavailable': False, 'install_base': '/home/alecr/HRI/install/dynamixel_sdk', 'merge_install': False, 'path': '/home/alecr/HRI/src/DynamixelSDK/dynamixel_sdk', 'symlink_install': False, 'test_result_base': None}
[0.256s] Level 5:colcon.colcon_core.verb:set package 'dynamixel_sdk_custom_interfaces' build argument 'cmake_args' from command line to 'None'
[0.256s] Level 5:colcon.colcon_core.verb:set package 'dynamixel_sdk_custom_interfaces' build argument 'cmake_target' from command line to 'None'
[0.256s] Level 5:colcon.colcon_core.verb:set package 'dynamixel_sdk_custom_interfaces' build argument 'cmake_target_skip_unavailable' from command line to 'False'
[0.256s] Level 5:colcon.colcon_core.verb:set package 'dynamixel_sdk_custom_interfaces' build argument 'cmake_clean_cache' from command line to 'False'
[0.256s] Level 5:colcon.colcon_core.verb:set package 'dynamixel_sdk_custom_interfaces' build argument 'cmake_clean_first' from command line to 'False'
[0.256s] Level 5:colcon.colcon_core.verb:set package 'dynamixel_sdk_custom_interfaces' build argument 'cmake_force_configure' from command line to 'False'
[0.256s] Level 5:colcon.colcon_core.verb:set package 'dynamixel_sdk_custom_interfaces' build argument 'ament_cmake_args' from command line to 'None'
[0.256s] Level 5:colcon.colcon_core.verb:set package 'dynamixel_sdk_custom_interfaces' build argument 'catkin_cmake_args' from command line to 'None'
[0.256s] Level 5:colcon.colcon_core.verb:set package 'dynamixel_sdk_custom_interfaces' build argument 'catkin_skip_building_tests' from command line to 'False'
[0.256s] DEBUG:colcon.colcon_core.verb:Building package 'dynamixel_sdk_custom_interfaces' with the following arguments: {'ament_cmake_args': None, 'build_base': '/home/alecr/HRI/build/dynamixel_sdk_custom_interfaces', 'catkin_cmake_args': None, 'catkin_skip_building_tests': False, 'cmake_args': None, 'cmake_clean_cache': False, 'cmake_clean_first': False, 'cmake_force_configure': False, 'cmake_target': None, 'cmake_target_skip_unavailable': False, 'install_base': '/home/alecr/HRI/install/dynamixel_sdk_custom_interfaces', 'merge_install': False, 'path': '/home/alecr/HRI/src/DynamixelSDK/dynamixel_sdk_custom_interfaces', 'symlink_install': False, 'test_result_base': None}
[0.256s] Level 5:colcon.colcon_core.verb:set package 'open_manipulator_msgs' build argument 'cmake_args' from command line to 'None'
[0.256s] Level 5:colcon.colcon_core.verb:set package 'open_manipulator_msgs' build argument 'cmake_target' from command line to 'None'
[0.256s] Level 5:colcon.colcon_core.verb:set package 'open_manipulator_msgs' build argument 'cmake_target_skip_unavailable' from command line to 'False'
[0.256s] Level 5:colcon.colcon_core.verb:set package 'open_manipulator_msgs' build argument 'cmake_clean_cache' from command line to 'False'
[0.256s] Level 5:colcon.colcon_core.verb:set package 'open_manipulator_msgs' build argument 'cmake_clean_first' from command line to 'False'
[0.256s] Level 5:colcon.colcon_core.verb:set package 'open_manipulator_msgs' build argument 'cmake_force_configure' from command line to 'False'
[0.256s] Level 5:colcon.colcon_core.verb:set package 'open_manipulator_msgs' build argument 'ament_cmake_args' from command line to 'None'
[0.256s] Level 5:colcon.colcon_core.verb:set package 'open_manipulator_msgs' build argument 'catkin_cmake_args' from command line to 'None'
[0.256s] Level 5:colcon.colcon_core.verb:set package 'open_manipulator_msgs' build argument 'catkin_skip_building_tests' from command line to 'False'
[0.256s] DEBUG:colcon.colcon_core.verb:Building package 'open_manipulator_msgs' with the following arguments: {'ament_cmake_args': None, 'build_base': '/home/alecr/HRI/build/open_manipulator_msgs', 'catkin_cmake_args': None, 'catkin_skip_building_tests': False, 'cmake_args': None, 'cmake_clean_cache': False, 'cmake_clean_first': False, 'cmake_force_configure': False, 'cmake_target': None, 'cmake_target_skip_unavailable': False, 'install_base': '/home/alecr/HRI/install/open_manipulator_msgs', 'merge_install': False, 'path': '/home/alecr/HRI/src/open_manipulator_msgs', 'symlink_install': False, 'test_result_base': None}
[0.256s] Level 5:colcon.colcon_core.verb:set package 'open_manipulator_x_description' build argument 'cmake_args' from command line to 'None'
[0.256s] Level 5:colcon.colcon_core.verb:set package 'open_manipulator_x_description' build argument 'cmake_target' from command line to 'None'
[0.256s] Level 5:colcon.colcon_core.verb:set package 'open_manipulator_x_description' build argument 'cmake_target_skip_unavailable' from command line to 'False'
[0.256s] Level 5:colcon.colcon_core.verb:set package 'open_manipulator_x_description' build argument 'cmake_clean_cache' from command line to 'False'
[0.256s] Level 5:colcon.colcon_core.verb:set package 'open_manipulator_x_description' build argument 'cmake_clean_first' from command line to 'False'
[0.256s] Level 5:colcon.colcon_core.verb:set package 'open_manipulator_x_description' build argument 'cmake_force_configure' from command line to 'False'
[0.256s] Level 5:colcon.colcon_core.verb:set package 'open_manipulator_x_description' build argument 'ament_cmake_args' from command line to 'None'
[0.256s] Level 5:colcon.colcon_core.verb:set package 'open_manipulator_x_description' build argument 'catkin_cmake_args' from command line to 'None'
[0.256s] Level 5:colcon.colcon_core.verb:set package 'open_manipulator_x_description' build argument 'catkin_skip_building_tests' from command line to 'False'
[0.256s] DEBUG:colcon.colcon_core.verb:Building package 'open_manipulator_x_description' with the following arguments: {'ament_cmake_args': None, 'build_base': '/home/alecr/HRI/build/open_manipulator_x_description', 'catkin_cmake_args': None, 'catkin_skip_building_tests': False, 'cmake_args': None, 'cmake_clean_cache': False, 'cmake_clean_first': False, 'cmake_force_configure': False, 'cmake_target': None, 'cmake_target_skip_unavailable': False, 'install_base': '/home/alecr/HRI/install/open_manipulator_x_description', 'merge_install': False, 'path': '/home/alecr/HRI/src/open_manipulator/open_manipulator_x_description', 'symlink_install': False, 'test_result_base': None}
[0.256s] Level 5:colcon.colcon_core.verb:set package 'dynamixel_sdk_examples' build argument 'cmake_args' from command line to 'None'
[0.256s] Level 5:colcon.colcon_core.verb:set package 'dynamixel_sdk_examples' build argument 'cmake_target' from command line to 'None'
[0.257s] Level 5:colcon.colcon_core.verb:set package 'dynamixel_sdk_examples' build argument 'cmake_target_skip_unavailable' from command line to 'False'
[0.257s] Level 5:colcon.colcon_core.verb:set package 'dynamixel_sdk_examples' build argument 'cmake_clean_cache' from command line to 'False'
[0.257s] Level 5:colcon.colcon_core.verb:set package 'dynamixel_sdk_examples' build argument 'cmake_clean_first' from command line to 'False'
[0.257s] Level 5:colcon.colcon_core.verb:set package 'dynamixel_sdk_examples' build argument 'cmake_force_configure' from command line to 'False'
[0.257s] Level 5:colcon.colcon_core.verb:set package 'dynamixel_sdk_examples' build argument 'ament_cmake_args' from command line to 'None'
[0.257s] Level 5:colcon.colcon_core.verb:set package 'dynamixel_sdk_examples' build argument 'catkin_cmake_args' from command line to 'None'
[0.257s] Level 5:colcon.colcon_core.verb:set package 'dynamixel_sdk_examples' build argument 'catkin_skip_building_tests' from command line to 'False'
[0.257s] DEBUG:colcon.colcon_core.verb:Building package 'dynamixel_sdk_examples' with the following arguments: {'ament_cmake_args': None, 'build_base': '/home/alecr/HRI/build/dynamixel_sdk_examples', 'catkin_cmake_args': None, 'catkin_skip_building_tests': False, 'cmake_args': None, 'cmake_clean_cache': False, 'cmake_clean_first': False, 'cmake_force_configure': False, 'cmake_target': None, 'cmake_target_skip_unavailable': False, 'install_base': '/home/alecr/HRI/install/dynamixel_sdk_examples', 'merge_install': False, 'path': '/home/alecr/HRI/src/DynamixelSDK/dynamixel_sdk_examples', 'symlink_install': False, 'test_result_base': None}
[0.257s] Level 5:colcon.colcon_core.verb:set package 'dynamixel_workbench_toolbox' build argument 'cmake_args' from command line to 'None'
[0.257s] Level 5:colcon.colcon_core.verb:set package 'dynamixel_workbench_toolbox' build argument 'cmake_target' from command line to 'None'
[0.257s] Level 5:colcon.colcon_core.verb:set package 'dynamixel_workbench_toolbox' build argument 'cmake_target_skip_unavailable' from command line to 'False'
[0.257s] Level 5:colcon.colcon_core.verb:set package 'dynamixel_workbench_toolbox' build argument 'cmake_clean_cache' from command line to 'False'
[0.257s] Level 5:colcon.colcon_core.verb:set package 'dynamixel_workbench_toolbox' build argument 'cmake_clean_first' from command line to 'False'
[0.257s] Level 5:colcon.colcon_core.verb:set package 'dynamixel_workbench_toolbox' build argument 'cmake_force_configure' from command line to 'False'
[0.257s] Level 5:colcon.colcon_core.verb:set package 'dynamixel_workbench_toolbox' build argument 'ament_cmake_args' from command line to 'None'
[0.257s] Level 5:colcon.colcon_core.verb:set package 'dynamixel_workbench_toolbox' build argument 'catkin_cmake_args' from command line to 'None'
[0.257s] Level 5:colcon.colcon_core.verb:set package 'dynamixel_workbench_toolbox' build argument 'catkin_skip_building_tests' from command line to 'False'
[0.257s] DEBUG:colcon.colcon_core.verb:Building package 'dynamixel_workbench_toolbox' with the following arguments: {'ament_cmake_args': None, 'build_base': '/home/alecr/HRI/build/dynamixel_workbench_toolbox', 'catkin_cmake_args': None, 'catkin_skip_building_tests': False, 'cmake_args': None, 'cmake_clean_cache': False, 'cmake_clean_first': False, 'cmake_force_configure': False, 'cmake_target': None, 'cmake_target_skip_unavailable': False, 'install_base': '/home/alecr/HRI/install/dynamixel_workbench_toolbox', 'merge_install': False, 'path': '/home/alecr/HRI/src/dynamixel-workbench/dynamixel_workbench_toolbox', 'symlink_install': False, 'test_result_base': None}
[0.257s] Level 5:colcon.colcon_core.verb:set package 'robotis_manipulator' build argument 'cmake_args' from command line to 'None'
[0.257s] Level 5:colcon.colcon_core.verb:set package 'robotis_manipulator' build argument 'cmake_target' from command line to 'None'
[0.257s] Level 5:colcon.colcon_core.verb:set package 'robotis_manipulator' build argument 'cmake_target_skip_unavailable' from command line to 'False'
[0.257s] Level 5:colcon.colcon_core.verb:set package 'robotis_manipulator' build argument 'cmake_clean_cache' from command line to 'False'
[0.257s] Level 5:colcon.colcon_core.verb:set package 'robotis_manipulator' build argument 'cmake_clean_first' from command line to 'False'
[0.257s] Level 5:colcon.colcon_core.verb:set package 'robotis_manipulator' build argument 'cmake_force_configure' from command line to 'False'
[0.257s] Level 5:colcon.colcon_core.verb:set package 'robotis_manipulator' build argument 'ament_cmake_args' from command line to 'None'
[0.257s] Level 5:colcon.colcon_core.verb:set package 'robotis_manipulator' build argument 'catkin_cmake_args' from command line to 'None'
[0.257s] Level 5:colcon.colcon_core.verb:set package 'robotis_manipulator' build argument 'catkin_skip_building_tests' from command line to 'False'
[0.257s] DEBUG:colcon.colcon_core.verb:Building package 'robotis_manipulator' with the following arguments: {'ament_cmake_args': None, 'build_base': '/home/alecr/HRI/build/robotis_manipulator', 'catkin_cmake_args': None, 'catkin_skip_building_tests': False, 'cmake_args': None, 'cmake_clean_cache': False, 'cmake_clean_first': False, 'cmake_force_configure': False, 'cmake_target': None, 'cmake_target_skip_unavailable': False, 'install_base': '/home/alecr/HRI/install/robotis_manipulator', 'merge_install': False, 'path': '/home/alecr/HRI/src/robotis_manipulator', 'symlink_install': False, 'test_result_base': None}
[0.257s] Level 5:colcon.colcon_core.verb:set package 'dynamixel_workbench' build argument 'cmake_args' from command line to 'None'
[0.257s] Level 5:colcon.colcon_core.verb:set package 'dynamixel_workbench' build argument 'cmake_target' from command line to 'None'
[0.257s] Level 5:colcon.colcon_core.verb:set package 'dynamixel_workbench' build argument 'cmake_target_skip_unavailable' from command line to 'False'
[0.257s] Level 5:colcon.colcon_core.verb:set package 'dynamixel_workbench' build argument 'cmake_clean_cache' from command line to 'False'
[0.257s] Level 5:colcon.colcon_core.verb:set package 'dynamixel_workbench' build argument 'cmake_clean_first' from command line to 'False'
[0.257s] Level 5:colcon.colcon_core.verb:set package 'dynamixel_workbench' build argument 'cmake_force_configure' from command line to 'False'
[0.257s] Level 5:colcon.colcon_core.verb:set package 'dynamixel_workbench' build argument 'ament_cmake_args' from command line to 'None'
[0.257s] Level 5:colcon.colcon_core.verb:set package 'dynamixel_workbench' build argument 'catkin_cmake_args' from command line to 'None'
[0.258s] Level 5:colcon.colcon_core.verb:set package 'dynamixel_workbench' build argument 'catkin_skip_building_tests' from command line to 'False'
[0.258s] DEBUG:colcon.colcon_core.verb:Building package 'dynamixel_workbench' with the following arguments: {'ament_cmake_args': None, 'build_base': '/home/alecr/HRI/build/dynamixel_workbench', 'catkin_cmake_args': None, 'catkin_skip_building_tests': False, 'cmake_args': None, 'cmake_clean_cache': False, 'cmake_clean_first': False, 'cmake_force_configure': False, 'cmake_target': None, 'cmake_target_skip_unavailable': False, 'install_base': '/home/alecr/HRI/install/dynamixel_workbench', 'merge_install': False, 'path': '/home/alecr/HRI/src/dynamixel-workbench/dynamixel_workbench', 'symlink_install': False, 'test_result_base': None}
[0.258s] Level 5:colcon.colcon_core.verb:set package 'open_manipulator_x_libs' build argument 'cmake_args' from command line to 'None'
[0.258s] Level 5:colcon.colcon_core.verb:set package 'open_manipulator_x_libs' build argument 'cmake_target' from command line to 'None'
[0.258s] Level 5:colcon.colcon_core.verb:set package 'open_manipulator_x_libs' build argument 'cmake_target_skip_unavailable' from command line to 'False'
[0.258s] Level 5:colcon.colcon_core.verb:set package 'open_manipulator_x_libs' build argument 'cmake_clean_cache' from command line to 'False'
[0.258s] Level 5:colcon.colcon_core.verb:set package 'open_manipulator_x_libs' build argument 'cmake_clean_first' from command line to 'False'
[0.258s] Level 5:colcon.colcon_core.verb:set package 'open_manipulator_x_libs' build argument 'cmake_force_configure' from command line to 'False'
[0.258s] Level 5:colcon.colcon_core.verb:set package 'open_manipulator_x_libs' build argument 'ament_cmake_args' from command line to 'None'
[0.258s] Level 5:colcon.colcon_core.verb:set package 'open_manipulator_x_libs' build argument 'catkin_cmake_args' from command line to 'None'
[0.258s] Level 5:colcon.colcon_core.verb:set package 'open_manipulator_x_libs' build argument 'catkin_skip_building_tests' from command line to 'False'
[0.258s] DEBUG:colcon.colcon_core.verb:Building package 'open_manipulator_x_libs' with the following arguments: {'ament_cmake_args': None, 'build_base': '/home/alecr/HRI/build/open_manipulator_x_libs', 'catkin_cmake_args': None, 'catkin_skip_building_tests': False, 'cmake_args': None, 'cmake_clean_cache': False, 'cmake_clean_first': False, 'cmake_force_configure': False, 'cmake_target': None, 'cmake_target_skip_unavailable': False, 'install_base': '/home/alecr/HRI/install/open_manipulator_x_libs', 'merge_install': False, 'path': '/home/alecr/HRI/src/open_manipulator/open_manipulator_x_libs', 'symlink_install': False, 'test_result_base': None}
[0.258s] Level 5:colcon.colcon_core.verb:set package 'open_manipulator_x_controller' build argument 'cmake_args' from command line to 'None'
[0.258s] Level 5:colcon.colcon_core.verb:set package 'open_manipulator_x_controller' build argument 'cmake_target' from command line to 'None'
[0.258s] Level 5:colcon.colcon_core.verb:set package 'open_manipulator_x_controller' build argument 'cmake_target_skip_unavailable' from command line to 'False'
[0.258s] Level 5:colcon.colcon_core.verb:set package 'open_manipulator_x_controller' build argument 'cmake_clean_cache' from command line to 'False'
[0.258s] Level 5:colcon.colcon_core.verb:set package 'open_manipulator_x_controller' build argument 'cmake_clean_first' from command line to 'False'
[0.258s] Level 5:colcon.colcon_core.verb:set package 'open_manipulator_x_controller' build argument 'cmake_force_configure' from command line to 'False'
[0.258s] Level 5:colcon.colcon_core.verb:set package 'open_manipulator_x_controller' build argument 'ament_cmake_args' from command line to 'None'
[0.258s] Level 5:colcon.colcon_core.verb:set package 'open_manipulator_x_controller' build argument 'catkin_cmake_args' from command line to 'None'
[0.258s] Level 5:colcon.colcon_core.verb:set package 'open_manipulator_x_controller' build argument 'catkin_skip_building_tests' from command line to 'False'
[0.258s] DEBUG:colcon.colcon_core.verb:Building package 'open_manipulator_x_controller' with the following arguments: {'ament_cmake_args': None, 'build_base': '/home/alecr/HRI/build/open_manipulator_x_controller', 'catkin_cmake_args': None, 'catkin_skip_building_tests': False, 'cmake_args': None, 'cmake_clean_cache': False, 'cmake_clean_first': False, 'cmake_force_configure': False, 'cmake_target': None, 'cmake_target_skip_unavailable': False, 'install_base': '/home/alecr/HRI/install/open_manipulator_x_controller', 'merge_install': False, 'path': '/home/alecr/HRI/src/open_manipulator/open_manipulator_x_controller', 'symlink_install': False, 'test_result_base': None}
[0.258s] Level 5:colcon.colcon_core.verb:set package 'open_manipulator' build argument 'cmake_args' from command line to 'None'
[0.258s] Level 5:colcon.colcon_core.verb:set package 'open_manipulator' build argument 'cmake_target' from command line to 'None'
[0.258s] Level 5:colcon.colcon_core.verb:set package 'open_manipulator' build argument 'cmake_target_skip_unavailable' from command line to 'False'
[0.258s] Level 5:colcon.colcon_core.verb:set package 'open_manipulator' build argument 'cmake_clean_cache' from command line to 'False'
[0.258s] Level 5:colcon.colcon_core.verb:set package 'open_manipulator' build argument 'cmake_clean_first' from command line to 'False'
[0.258s] Level 5:colcon.colcon_core.verb:set package 'open_manipulator' build argument 'cmake_force_configure' from command line to 'False'
[0.258s] Level 5:colcon.colcon_core.verb:set package 'open_manipulator' build argument 'ament_cmake_args' from command line to 'None'
[0.258s] Level 5:colcon.colcon_core.verb:set package 'open_manipulator' build argument 'catkin_cmake_args' from command line to 'None'
[0.258s] Level 5:colcon.colcon_core.verb:set package 'open_manipulator' build argument 'catkin_skip_building_tests' from command line to 'False'
[0.258s] DEBUG:colcon.colcon_core.verb:Building package 'open_manipulator' with the following arguments: {'ament_cmake_args': None, 'build_base': '/home/alecr/HRI/build/open_manipulator', 'catkin_cmake_args': None, 'catkin_skip_building_tests': False, 'cmake_args': None, 'cmake_clean_cache': False, 'cmake_clean_first': False, 'cmake_force_configure': False, 'cmake_target': None, 'cmake_target_skip_unavailable': False, 'install_base': '/home/alecr/HRI/install/open_manipulator', 'merge_install': False, 'path': '/home/alecr/HRI/src/open_manipulator/open_manipulator', 'symlink_install': False, 'test_result_base': None}
[0.259s] INFO:colcon.colcon_core.executor:Executing jobs using 'parallel' executor
[0.259s] DEBUG:colcon.colcon_parallel_executor.executor.parallel:run_until_complete
[0.260s] INFO:colcon.colcon_ros.task.ament_cmake.build:Building ROS package in '/home/alecr/HRI/src/DynamixelSDK/dynamixel_sdk' with build type 'ament_cmake'
[0.260s] INFO:colcon.colcon_cmake.task.cmake.build:Building CMake package in '/home/alecr/HRI/src/DynamixelSDK/dynamixel_sdk'
[0.261s] INFO:colcon.colcon_core.plugin_system:Skipping extension 'colcon_core.shell.bat': Not used on non-Windows systems
[0.261s] INFO:colcon.colcon_core.shell:Skip shell extension 'powershell' for command environment: Not usable outside of PowerShell
[0.262s] DEBUG:colcon.colcon_core.shell:Skip shell extension 'dsv' for command environment
[0.265s] INFO:colcon.colcon_ros.task.ament_cmake.build:Building ROS package in '/home/alecr/HRI/src/open_manipulator_dependencies/cmake_modules' with build type 'ament_cmake'
[0.265s] INFO:colcon.colcon_cmake.task.cmake.build:Building CMake package in '/home/alecr/HRI/src/open_manipulator_dependencies/cmake_modules'
[0.265s] INFO:colcon.colcon_core.shell:Skip shell extension 'powershell' for command environment: Not usable outside of PowerShell
[0.265s] DEBUG:colcon.colcon_core.shell:Skip shell extension 'dsv' for command environment
[0.269s] INFO:colcon.colcon_ros.task.ament_cmake.build:Building ROS package in '/home/alecr/HRI/src/open_manipulator_msgs' with build type 'ament_cmake'
[0.269s] INFO:colcon.colcon_cmake.task.cmake.build:Building CMake package in '/home/alecr/HRI/src/open_manipulator_msgs'
[0.269s] INFO:colcon.colcon_core.shell:Skip shell extension 'powershell' for command environment: Not usable outside of PowerShell
[0.269s] DEBUG:colcon.colcon_core.shell:Skip shell extension 'dsv' for command environment
[0.272s] INFO:colcon.colcon_ros.task.ament_cmake.build:Building ROS package in '/home/alecr/HRI/src/DynamixelSDK/dynamixel_sdk_custom_interfaces' with build type 'ament_cmake'
[0.272s] INFO:colcon.colcon_cmake.task.cmake.build:Building CMake package in '/home/alecr/HRI/src/DynamixelSDK/dynamixel_sdk_custom_interfaces'
[0.272s] INFO:colcon.colcon_core.shell:Skip shell extension 'powershell' for command environment: Not usable outside of PowerShell
[0.272s] DEBUG:colcon.colcon_core.shell:Skip shell extension 'dsv' for command environment
[0.276s] INFO:colcon.colcon_ros.task.ament_cmake.build:Building ROS package in '/home/alecr/HRI/src/open_manipulator/open_manipulator_x_description' with build type 'ament_cmake'
[0.276s] INFO:colcon.colcon_cmake.task.cmake.build:Building CMake package in '/home/alecr/HRI/src/open_manipulator/open_manipulator_x_description'
[0.276s] INFO:colcon.colcon_core.shell:Skip shell extension 'powershell' for command environment: Not usable outside of PowerShell
[0.276s] DEBUG:colcon.colcon_core.shell:Skip shell extension 'dsv' for command environment
[0.279s] INFO:colcon.colcon_ros.task.ament_python.build:Building ROS package in '/home/alecr/HRI/src/arm_control' with build type 'ament_python'
[0.279s] Level 1:colcon.colcon_core.shell:create_environment_hook('arm_control', 'ament_prefix_path')
[0.280s] INFO:colcon.colcon_core.shell:Creating environment hook '/home/alecr/HRI/install/arm_control/share/arm_control/hook/ament_prefix_path.ps1'
[0.280s] INFO:colcon.colcon_core.shell:Creating environment descriptor '/home/alecr/HRI/install/arm_control/share/arm_control/hook/ament_prefix_path.dsv'
[0.280s] INFO:colcon.colcon_core.shell:Creating environment hook '/home/alecr/HRI/install/arm_control/share/arm_control/hook/ament_prefix_path.sh'
[0.281s] INFO:colcon.colcon_core.shell:Skip shell extension 'powershell' for command environment: Not usable outside of PowerShell
[0.281s] DEBUG:colcon.colcon_core.shell:Skip shell extension 'dsv' for command environment
[0.287s] DEBUG:colcon.colcon_core.event_handler.log_command:Invoking command in '/home/alecr/HRI/build/dynamixel_sdk': CMAKE_PREFIX_PATH=${CMAKE_PREFIX_PATH}:/home/alecr/HRI/install/rbe500_example_py:/home/alecr/HRI/install/arm_control:/home/alecr/ros2_ws/install/moveit_configs_utils:/home/alecr/ros2_ws/install/mqp_ros:/home/alecr/ros2_ws/install/mqp:/home/alecr/ros2_ws/install/launch_param_builder:/home/alecr/ros2_ws/install/MQP:/home/alecr/ros2_ws/install/HRI:/opt/ros/humble /usr/bin/cmake --build /home/alecr/HRI/build/dynamixel_sdk -- -j16 -l16
[0.289s] DEBUG:colcon.colcon_core.event_handler.log_command:Invoking command in '/home/alecr/HRI/build/cmake_modules': CMAKE_PREFIX_PATH=${CMAKE_PREFIX_PATH}:/home/alecr/HRI/install/rbe500_example_py:/home/alecr/HRI/install/arm_control:/home/alecr/ros2_ws/install/moveit_configs_utils:/home/alecr/ros2_ws/install/mqp_ros:/home/alecr/ros2_ws/install/mqp:/home/alecr/ros2_ws/install/launch_param_builder:/home/alecr/ros2_ws/install/MQP:/home/alecr/ros2_ws/install/HRI:/opt/ros/humble /usr/bin/cmake --build /home/alecr/HRI/build/cmake_modules -- -j16 -l16
[0.291s] DEBUG:colcon.colcon_core.event_handler.log_command:Invoking command in '/home/alecr/HRI/build/open_manipulator_msgs': CMAKE_PREFIX_PATH=${CMAKE_PREFIX_PATH}:/home/alecr/HRI/install/rbe500_example_py:/home/alecr/HRI/install/arm_control:/home/alecr/ros2_ws/install/moveit_configs_utils:/home/alecr/ros2_ws/install/mqp_ros:/home/alecr/ros2_ws/install/mqp:/home/alecr/ros2_ws/install/launch_param_builder:/home/alecr/ros2_ws/install/MQP:/home/alecr/ros2_ws/install/HRI:/opt/ros/humble /usr/bin/cmake --build /home/alecr/HRI/build/open_manipulator_msgs -- -j16 -l16
[0.292s] DEBUG:colcon.colcon_core.event_handler.log_command:Invoking command in '/home/alecr/HRI/build/dynamixel_sdk_custom_interfaces': CMAKE_PREFIX_PATH=${CMAKE_PREFIX_PATH}:/home/alecr/HRI/install/rbe500_example_py:/home/alecr/HRI/install/arm_control:/home/alecr/ros2_ws/install/moveit_configs_utils:/home/alecr/ros2_ws/install/mqp_ros:/home/alecr/ros2_ws/install/mqp:/home/alecr/ros2_ws/install/launch_param_builder:/home/alecr/ros2_ws/install/MQP:/home/alecr/ros2_ws/install/HRI:/opt/ros/humble /usr/bin/cmake --build /home/alecr/HRI/build/dynamixel_sdk_custom_interfaces -- -j16 -l16
[0.294s] DEBUG:colcon.colcon_core.event_handler.log_command:Invoking command in '/home/alecr/HRI/build/open_manipulator_x_description': CMAKE_PREFIX_PATH=${CMAKE_PREFIX_PATH}:/home/alecr/HRI/install/rbe500_example_py:/home/alecr/HRI/install/arm_control:/home/alecr/ros2_ws/install/moveit_configs_utils:/home/alecr/ros2_ws/install/mqp_ros:/home/alecr/ros2_ws/install/mqp:/home/alecr/ros2_ws/install/launch_param_builder:/home/alecr/ros2_ws/install/MQP:/home/alecr/ros2_ws/install/HRI:/opt/ros/humble /usr/bin/cmake --build /home/alecr/HRI/build/open_manipulator_x_description -- -j16 -l16
[0.486s] INFO:colcon.colcon_core.task.python.build:Building Python package in '/home/alecr/HRI/src/arm_control'
[0.487s] INFO:colcon.colcon_core.shell:Skip shell extension 'powershell' for command environment: Not usable outside of PowerShell
[0.487s] DEBUG:colcon.colcon_core.shell:Skip shell extension 'dsv' for command environment
[0.494s] DEBUG:colcon.colcon_core.event_handler.log_command:Invoked command in '/home/alecr/HRI/build/open_manipulator_x_description' returned '0': CMAKE_PREFIX_PATH=${CMAKE_PREFIX_PATH}:/home/alecr/HRI/install/rbe500_example_py:/home/alecr/HRI/install/arm_control:/home/alecr/ros2_ws/install/moveit_configs_utils:/home/alecr/ros2_ws/install/mqp_ros:/home/alecr/ros2_ws/install/mqp:/home/alecr/ros2_ws/install/launch_param_builder:/home/alecr/ros2_ws/install/MQP:/home/alecr/ros2_ws/install/HRI:/opt/ros/humble /usr/bin/cmake --build /home/alecr/HRI/build/open_manipulator_x_description -- -j16 -l16
[0.505s] DEBUG:colcon.colcon_core.event_handler.log_command:Invoking command in '/home/alecr/HRI/build/open_manipulator_x_description': CMAKE_PREFIX_PATH=${CMAKE_PREFIX_PATH}:/home/alecr/HRI/install/rbe500_example_py:/home/alecr/HRI/install/arm_control:/home/alecr/ros2_ws/install/moveit_configs_utils:/home/alecr/ros2_ws/install/mqp_ros:/home/alecr/ros2_ws/install/mqp:/home/alecr/ros2_ws/install/launch_param_builder:/home/alecr/ros2_ws/install/MQP:/home/alecr/ros2_ws/install/HRI:/opt/ros/humble /usr/bin/cmake --install /home/alecr/HRI/build/open_manipulator_x_description
[0.505s] DEBUG:colcon.colcon_core.event_handler.log_command:Invoked command in '/home/alecr/HRI/build/cmake_modules' returned '0': CMAKE_PREFIX_PATH=${CMAKE_PREFIX_PATH}:/home/alecr/HRI/install/rbe500_example_py:/home/alecr/HRI/install/arm_control:/home/alecr/ros2_ws/install/moveit_configs_utils:/home/alecr/ros2_ws/install/mqp_ros:/home/alecr/ros2_ws/install/mqp:/home/alecr/ros2_ws/install/launch_param_builder:/home/alecr/ros2_ws/install/MQP:/home/alecr/ros2_ws/install/HRI:/opt/ros/humble /usr/bin/cmake --build /home/alecr/HRI/build/cmake_modules -- -j16 -l16
[0.506s] DEBUG:colcon.colcon_core.event_handler.log_command:Invoking command in '/home/alecr/HRI/build/cmake_modules': CMAKE_PREFIX_PATH=${CMAKE_PREFIX_PATH}:/home/alecr/HRI/install/rbe500_example_py:/home/alecr/HRI/install/arm_control:/home/alecr/ros2_ws/install/moveit_configs_utils:/home/alecr/ros2_ws/install/mqp_ros:/home/alecr/ros2_ws/install/mqp:/home/alecr/ros2_ws/install/launch_param_builder:/home/alecr/ros2_ws/install/MQP:/home/alecr/ros2_ws/install/HRI:/opt/ros/humble /usr/bin/cmake --install /home/alecr/HRI/build/cmake_modules
[0.507s] DEBUG:colcon.colcon_core.event_handler.log_command:Invoked command in '/home/alecr/HRI/build/dynamixel_sdk' returned '0': CMAKE_PREFIX_PATH=${CMAKE_PREFIX_PATH}:/home/alecr/HRI/install/rbe500_example_py:/home/alecr/HRI/install/arm_control:/home/alecr/ros2_ws/install/moveit_configs_utils:/home/alecr/ros2_ws/install/mqp_ros:/home/alecr/ros2_ws/install/mqp:/home/alecr/ros2_ws/install/launch_param_builder:/home/alecr/ros2_ws/install/MQP:/home/alecr/ros2_ws/install/HRI:/opt/ros/humble /usr/bin/cmake --build /home/alecr/HRI/build/dynamixel_sdk -- -j16 -l16
[0.508s] DEBUG:colcon.colcon_core.event_handler.log_command:Invoking command in '/home/alecr/HRI/build/dynamixel_sdk': CMAKE_PREFIX_PATH=${CMAKE_PREFIX_PATH}:/home/alecr/HRI/install/rbe500_example_py:/home/alecr/HRI/install/arm_control:/home/alecr/ros2_ws/install/moveit_configs_utils:/home/alecr/ros2_ws/install/mqp_ros:/home/alecr/ros2_ws/install/mqp:/home/alecr/ros2_ws/install/launch_param_builder:/home/alecr/ros2_ws/install/MQP:/home/alecr/ros2_ws/install/HRI:/opt/ros/humble /usr/bin/cmake --install /home/alecr/HRI/build/dynamixel_sdk
[0.514s] Level 1:colcon.colcon_core.environment:create_environment_scripts_only(dynamixel_sdk)
[0.518s] DEBUG:colcon.colcon_core.event_handler.log_command:Invoked command in '/home/alecr/HRI/build/dynamixel_sdk' returned '0': CMAKE_PREFIX_PATH=${CMAKE_PREFIX_PATH}:/home/alecr/HRI/install/rbe500_example_py:/home/alecr/HRI/install/arm_control:/home/alecr/ros2_ws/install/moveit_configs_utils:/home/alecr/ros2_ws/install/mqp_ros:/home/alecr/ros2_ws/install/mqp:/home/alecr/ros2_ws/install/launch_param_builder:/home/alecr/ros2_ws/install/MQP:/home/alecr/ros2_ws/install/HRI:/opt/ros/humble /usr/bin/cmake --install /home/alecr/HRI/build/dynamixel_sdk
[0.521s] Level 1:colcon.colcon_core.environment:checking '/home/alecr/HRI/install/dynamixel_sdk' for CMake module files
[0.521s] Level 1:colcon.colcon_core.environment:checking '/home/alecr/HRI/install/dynamixel_sdk' for CMake config files
[0.521s] Level 1:colcon.colcon_core.shell:create_environment_hook('dynamixel_sdk', 'cmake_prefix_path')
[0.522s] INFO:colcon.colcon_core.shell:Creating environment hook '/home/alecr/HRI/install/dynamixel_sdk/share/dynamixel_sdk/hook/cmake_prefix_path.ps1'
[0.522s] INFO:colcon.colcon_core.shell:Creating environment descriptor '/home/alecr/HRI/install/dynamixel_sdk/share/dynamixel_sdk/hook/cmake_prefix_path.dsv'
[0.522s] INFO:colcon.colcon_core.shell:Creating environment hook '/home/alecr/HRI/install/dynamixel_sdk/share/dynamixel_sdk/hook/cmake_prefix_path.sh'
[0.523s] Level 1:colcon.colcon_core.environment:checking '/home/alecr/HRI/install/dynamixel_sdk/lib'
[0.523s] Level 1:colcon.colcon_core.shell:create_environment_hook('dynamixel_sdk', 'ld_library_path_lib')
[0.523s] INFO:colcon.colcon_core.shell:Creating environment hook '/home/alecr/HRI/install/dynamixel_sdk/share/dynamixel_sdk/hook/ld_library_path_lib.ps1'
[0.523s] INFO:colcon.colcon_core.shell:Creating environment descriptor '/home/alecr/HRI/install/dynamixel_sdk/share/dynamixel_sdk/hook/ld_library_path_lib.dsv'
[0.524s] INFO:colcon.colcon_core.shell:Creating environment hook '/home/alecr/HRI/install/dynamixel_sdk/share/dynamixel_sdk/hook/ld_library_path_lib.sh'
[0.524s] Level 1:colcon.colcon_core.environment:checking '/home/alecr/HRI/install/dynamixel_sdk/bin'
[0.524s] Level 1:colcon.colcon_core.environment:checking '/home/alecr/HRI/install/dynamixel_sdk/lib/pkgconfig/dynamixel_sdk.pc'
[0.524s] Level 1:colcon.colcon_core.environment:checking '/home/alecr/HRI/install/dynamixel_sdk/lib/python3.10/site-packages'
[0.524s] Level 1:colcon.colcon_core.environment:checking '/home/alecr/HRI/install/dynamixel_sdk/bin'
[0.524s] INFO:colcon.colcon_core.shell:Creating package script '/home/alecr/HRI/install/dynamixel_sdk/share/dynamixel_sdk/package.ps1'
[0.525s] INFO:colcon.colcon_core.shell:Creating package descriptor '/home/alecr/HRI/install/dynamixel_sdk/share/dynamixel_sdk/package.dsv'
[0.526s] INFO:colcon.colcon_core.shell:Creating package script '/home/alecr/HRI/install/dynamixel_sdk/share/dynamixel_sdk/package.sh'
[0.526s] INFO:colcon.colcon_core.shell:Creating package script '/home/alecr/HRI/install/dynamixel_sdk/share/dynamixel_sdk/package.bash'
[0.526s] INFO:colcon.colcon_core.shell:Creating package script '/home/alecr/HRI/install/dynamixel_sdk/share/dynamixel_sdk/package.zsh'
[0.527s] Level 1:colcon.colcon_core.environment:create_file_with_runtime_dependencies(/home/alecr/HRI/install/dynamixel_sdk/share/colcon-core/packages/dynamixel_sdk)
[0.527s] Level 1:colcon.colcon_core.environment:create_environment_scripts_only(dynamixel_sdk)
[0.527s] Level 1:colcon.colcon_core.environment:checking '/home/alecr/HRI/install/dynamixel_sdk' for CMake module files
[0.528s] Level 1:colcon.colcon_core.environment:checking '/home/alecr/HRI/install/dynamixel_sdk' for CMake config files
[0.528s] Level 1:colcon.colcon_core.shell:create_environment_hook('dynamixel_sdk', 'cmake_prefix_path')
[0.528s] INFO:colcon.colcon_core.shell:Creating environment hook '/home/alecr/HRI/install/dynamixel_sdk/share/dynamixel_sdk/hook/cmake_prefix_path.ps1'
[0.528s] INFO:colcon.colcon_core.shell:Creating environment descriptor '/home/alecr/HRI/install/dynamixel_sdk/share/dynamixel_sdk/hook/cmake_prefix_path.dsv'
[0.528s] INFO:colcon.colcon_core.shell:Creating environment hook '/home/alecr/HRI/install/dynamixel_sdk/share/dynamixel_sdk/hook/cmake_prefix_path.sh'
[0.529s] Level 1:colcon.colcon_core.environment:checking '/home/alecr/HRI/install/dynamixel_sdk/lib'
[0.529s] Level 1:colcon.colcon_core.shell:create_environment_hook('dynamixel_sdk', 'ld_library_path_lib')
[0.529s] INFO:colcon.colcon_core.shell:Creating environment hook '/home/alecr/HRI/install/dynamixel_sdk/share/dynamixel_sdk/hook/ld_library_path_lib.ps1'
[0.529s] INFO:colcon.colcon_core.shell:Creating environment descriptor '/home/alecr/HRI/install/dynamixel_sdk/share/dynamixel_sdk/hook/ld_library_path_lib.dsv'
[0.529s] INFO:colcon.colcon_core.shell:Creating environment hook '/home/alecr/HRI/install/dynamixel_sdk/share/dynamixel_sdk/hook/ld_library_path_lib.sh'
[0.529s] Level 1:colcon.colcon_core.environment:checking '/home/alecr/HRI/install/dynamixel_sdk/bin'
[0.529s] Level 1:colcon.colcon_core.environment:checking '/home/alecr/HRI/install/dynamixel_sdk/lib/pkgconfig/dynamixel_sdk.pc'
[0.530s] Level 1:colcon.colcon_core.environment:checking '/home/alecr/HRI/install/dynamixel_sdk/lib/python3.10/site-packages'
[0.530s] Level 1:colcon.colcon_core.environment:checking '/home/alecr/HRI/install/dynamixel_sdk/bin'
[0.530s] INFO:colcon.colcon_core.shell:Creating package script '/home/alecr/HRI/install/dynamixel_sdk/share/dynamixel_sdk/package.ps1'
[0.530s] INFO:colcon.colcon_core.shell:Creating package descriptor '/home/alecr/HRI/install/dynamixel_sdk/share/dynamixel_sdk/package.dsv'
[0.531s] INFO:colcon.colcon_core.shell:Creating package script '/home/alecr/HRI/install/dynamixel_sdk/share/dynamixel_sdk/package.sh'
[0.531s] INFO:colcon.colcon_core.shell:Creating package script '/home/alecr/HRI/install/dynamixel_sdk/share/dynamixel_sdk/package.bash'
[0.531s] INFO:colcon.colcon_core.shell:Creating package script '/home/alecr/HRI/install/dynamixel_sdk/share/dynamixel_sdk/package.zsh'
[0.531s] Level 1:colcon.colcon_core.environment:create_file_with_runtime_dependencies(/home/alecr/HRI/install/dynamixel_sdk/share/colcon-core/packages/dynamixel_sdk)
[0.532s] INFO:colcon.colcon_ros.task.ament_cmake.build:Building ROS package in '/home/alecr/HRI/src/dynamixel-workbench/dynamixel_workbench_toolbox' with build type 'ament_cmake'
[0.532s] INFO:colcon.colcon_cmake.task.cmake.build:Building CMake package in '/home/alecr/HRI/src/dynamixel-workbench/dynamixel_workbench_toolbox'
[0.532s] INFO:colcon.colcon_core.shell:Skip shell extension 'powershell' for command environment: Not usable outside of PowerShell
[0.532s] DEBUG:colcon.colcon_core.shell:Skip shell extension 'dsv' for command environment
[0.536s] Level 1:colcon.colcon_core.environment:create_environment_scripts_only(cmake_modules)
[0.536s] Level 1:colcon.colcon_core.environment:checking '/home/alecr/HRI/install/cmake_modules' for CMake module files
[0.537s] DEBUG:colcon.colcon_core.event_handler.log_command:Invoked command in '/home/alecr/HRI/build/cmake_modules' returned '0': CMAKE_PREFIX_PATH=${CMAKE_PREFIX_PATH}:/home/alecr/HRI/install/rbe500_example_py:/home/alecr/HRI/install/arm_control:/home/alecr/ros2_ws/install/moveit_configs_utils:/home/alecr/ros2_ws/install/mqp_ros:/home/alecr/ros2_ws/install/mqp:/home/alecr/ros2_ws/install/launch_param_builder:/home/alecr/ros2_ws/install/MQP:/home/alecr/ros2_ws/install/HRI:/opt/ros/humble /usr/bin/cmake --install /home/alecr/HRI/build/cmake_modules
[0.537s] Level 1:colcon.colcon_core.environment:checking '/home/alecr/HRI/install/cmake_modules' for CMake config files
[0.537s] Level 1:colcon.colcon_core.shell:create_environment_hook('cmake_modules', 'cmake_prefix_path')
[0.537s] INFO:colcon.colcon_core.shell:Creating environment hook '/home/alecr/HRI/install/cmake_modules/share/cmake_modules/hook/cmake_prefix_path.ps1'
[0.537s] INFO:colcon.colcon_core.shell:Creating environment descriptor '/home/alecr/HRI/install/cmake_modules/share/cmake_modules/hook/cmake_prefix_path.dsv'
[0.538s] INFO:colcon.colcon_core.shell:Creating environment hook '/home/alecr/HRI/install/cmake_modules/share/cmake_modules/hook/cmake_prefix_path.sh'
[0.538s] Level 1:colcon.colcon_core.environment:checking '/home/alecr/HRI/install/cmake_modules/bin'
[0.538s] Level 1:colcon.colcon_core.environment:checking '/home/alecr/HRI/install/cmake_modules/lib/pkgconfig/cmake_modules.pc'
[0.538s] Level 1:colcon.colcon_core.environment:checking '/home/alecr/HRI/install/cmake_modules/lib/python3.10/site-packages'
[0.538s] Level 1:colcon.colcon_core.environment:checking '/home/alecr/HRI/install/cmake_modules/bin'
[0.538s] INFO:colcon.colcon_core.shell:Creating package script '/home/alecr/HRI/install/cmake_modules/share/cmake_modules/package.ps1'
[0.539s] INFO:colcon.colcon_core.shell:Creating package descriptor '/home/alecr/HRI/install/cmake_modules/share/cmake_modules/package.dsv'
[0.539s] INFO:colcon.colcon_core.shell:Creating package script '/home/alecr/HRI/install/cmake_modules/share/cmake_modules/package.sh'
[0.539s] INFO:colcon.colcon_core.shell:Creating package script '/home/alecr/HRI/install/cmake_modules/share/cmake_modules/package.bash'
[0.539s] INFO:colcon.colcon_core.shell:Creating package script '/home/alecr/HRI/install/cmake_modules/share/cmake_modules/package.zsh'
[0.540s] Level 1:colcon.colcon_core.environment:create_file_with_runtime_dependencies(/home/alecr/HRI/install/cmake_modules/share/colcon-core/packages/cmake_modules)
[0.540s] Level 1:colcon.colcon_core.environment:create_environment_scripts_only(cmake_modules)
[0.540s] Level 1:colcon.colcon_core.environment:checking '/home/alecr/HRI/install/cmake_modules' for CMake module files
[0.540s] Level 1:colcon.colcon_core.environment:checking '/home/alecr/HRI/install/cmake_modules' for CMake config files
[0.540s] Level 1:colcon.colcon_core.shell:create_environment_hook('cmake_modules', 'cmake_prefix_path')
[0.541s] INFO:colcon.colcon_core.shell:Creating environment hook '/home/alecr/HRI/install/cmake_modules/share/cmake_modules/hook/cmake_prefix_path.ps1'
[0.541s] INFO:colcon.colcon_core.shell:Creating environment descriptor '/home/alecr/HRI/install/cmake_modules/share/cmake_modules/hook/cmake_prefix_path.dsv'
[0.541s] INFO:colcon.colcon_core.shell:Creating environment hook '/home/alecr/HRI/install/cmake_modules/share/cmake_modules/hook/cmake_prefix_path.sh'
[0.541s] Level 1:colcon.colcon_core.environment:checking '/home/alecr/HRI/install/cmake_modules/bin'
[0.541s] Level 1:colcon.colcon_core.environment:checking '/home/alecr/HRI/install/cmake_modules/lib/pkgconfig/cmake_modules.pc'
[0.541s] Level 1:colcon.colcon_core.environment:checking '/home/alecr/HRI/install/cmake_modules/lib/python3.10/site-packages'
[0.542s] Level 1:colcon.colcon_core.environment:checking '/home/alecr/HRI/install/cmake_modules/bin'
[0.542s] INFO:colcon.colcon_core.shell:Creating package script '/home/alecr/HRI/install/cmake_modules/share/cmake_modules/package.ps1'
[0.542s] INFO:colcon.colcon_core.shell:Creating package descriptor '/home/alecr/HRI/install/cmake_modules/share/cmake_modules/package.dsv'
[0.543s] INFO:colcon.colcon_core.shell:Creating package script '/home/alecr/HRI/install/cmake_modules/share/cmake_modules/package.sh'
[0.543s] INFO:colcon.colcon_core.shell:Creating package script '/home/alecr/HRI/install/cmake_modules/share/cmake_modules/package.bash'
[0.543s] INFO:colcon.colcon_core.shell:Creating package script '/home/alecr/HRI/install/cmake_modules/share/cmake_modules/package.zsh'
[0.544s] Level 1:colcon.colcon_core.environment:create_file_with_runtime_dependencies(/home/alecr/HRI/install/cmake_modules/share/colcon-core/packages/cmake_modules)
[0.544s] Level 1:colcon.colcon_core.environment:create_environment_scripts_only(open_manipulator_x_description)
[0.544s] Level 1:colcon.colcon_core.environment:checking '/home/alecr/HRI/install/open_manipulator_x_description' for CMake module files
[0.545s] Level 1:colcon.colcon_core.environment:checking '/home/alecr/HRI/install/open_manipulator_x_description' for CMake config files
[0.545s] DEBUG:colcon.colcon_core.event_handler.log_command:Invoked command in '/home/alecr/HRI/build/open_manipulator_x_description' returned '0': CMAKE_PREFIX_PATH=${CMAKE_PREFIX_PATH}:/home/alecr/HRI/install/rbe500_example_py:/home/alecr/HRI/install/arm_control:/home/alecr/ros2_ws/install/moveit_configs_utils:/home/alecr/ros2_ws/install/mqp_ros:/home/alecr/ros2_ws/install/mqp:/home/alecr/ros2_ws/install/launch_param_builder:/home/alecr/ros2_ws/install/MQP:/home/alecr/ros2_ws/install/HRI:/opt/ros/humble /usr/bin/cmake --install /home/alecr/HRI/build/open_manipulator_x_description
[0.545s] Level 1:colcon.colcon_core.shell:create_environment_hook('open_manipulator_x_description', 'cmake_prefix_path')
[0.545s] INFO:colcon.colcon_core.shell:Creating environment hook '/home/alecr/HRI/install/open_manipulator_x_description/share/open_manipulator_x_description/hook/cmake_prefix_path.ps1'
[0.545s] INFO:colcon.colcon_core.shell:Creating environment descriptor '/home/alecr/HRI/install/open_manipulator_x_description/share/open_manipulator_x_description/hook/cmake_prefix_path.dsv'
[0.546s] INFO:colcon.colcon_core.shell:Creating environment hook '/home/alecr/HRI/install/open_manipulator_x_description/share/open_manipulator_x_description/hook/cmake_prefix_path.sh'
[0.546s] Level 1:colcon.colcon_core.environment:checking '/home/alecr/HRI/install/open_manipulator_x_description/bin'
[0.546s] Level 1:colcon.colcon_core.environment:checking '/home/alecr/HRI/install/open_manipulator_x_description/lib/pkgconfig/open_manipulator_x_description.pc'
[0.546s] Level 1:colcon.colcon_core.environment:checking '/home/alecr/HRI/install/open_manipulator_x_description/lib/python3.10/site-packages'
[0.546s] Level 1:colcon.colcon_core.environment:checking '/home/alecr/HRI/install/open_manipulator_x_description/bin'
[0.546s] INFO:colcon.colcon_core.shell:Creating package script '/home/alecr/HRI/install/open_manipulator_x_description/share/open_manipulator_x_description/package.ps1'
[0.547s] INFO:colcon.colcon_core.shell:Creating package descriptor '/home/alecr/HRI/install/open_manipulator_x_description/share/open_manipulator_x_description/package.dsv'
[0.547s] INFO:colcon.colcon_core.shell:Creating package script '/home/alecr/HRI/install/open_manipulator_x_description/share/open_manipulator_x_description/package.sh'
[0.547s] INFO:colcon.colcon_core.shell:Creating package script '/home/alecr/HRI/install/open_manipulator_x_description/share/open_manipulator_x_description/package.bash'
[0.547s] INFO:colcon.colcon_core.shell:Creating package script '/home/alecr/HRI/install/open_manipulator_x_description/share/open_manipulator_x_description/package.zsh'
[0.547s] Level 1:colcon.colcon_core.environment:create_file_with_runtime_dependencies(/home/alecr/HRI/install/open_manipulator_x_description/share/colcon-core/packages/open_manipulator_x_description)
[0.548s] Level 1:colcon.colcon_core.environment:create_environment_scripts_only(open_manipulator_x_description)
[0.548s] Level 1:colcon.colcon_core.environment:checking '/home/alecr/HRI/install/open_manipulator_x_description' for CMake module files
[0.548s] Level 1:colcon.colcon_core.environment:checking '/home/alecr/HRI/install/open_manipulator_x_description' for CMake config files
[0.548s] Level 1:colcon.colcon_core.shell:create_environment_hook('open_manipulator_x_description', 'cmake_prefix_path')
[0.548s] INFO:colcon.colcon_core.shell:Creating environment hook '/home/alecr/HRI/install/open_manipulator_x_description/share/open_manipulator_x_description/hook/cmake_prefix_path.ps1'
[0.548s] INFO:colcon.colcon_core.shell:Creating environment descriptor '/home/alecr/HRI/install/open_manipulator_x_description/share/open_manipulator_x_description/hook/cmake_prefix_path.dsv'
[0.549s] INFO:colcon.colcon_core.shell:Creating environment hook '/home/alecr/HRI/install/open_manipulator_x_description/share/open_manipulator_x_description/hook/cmake_prefix_path.sh'
[0.549s] Level 1:colcon.colcon_core.environment:checking '/home/alecr/HRI/install/open_manipulator_x_description/bin'
[0.549s] Level 1:colcon.colcon_core.environment:checking '/home/alecr/HRI/install/open_manipulator_x_description/lib/pkgconfig/open_manipulator_x_description.pc'
[0.549s] Level 1:colcon.colcon_core.environment:checking '/home/alecr/HRI/install/open_manipulator_x_description/lib/python3.10/site-packages'
[0.549s] Level 1:colcon.colcon_core.environment:checking '/home/alecr/HRI/install/open_manipulator_x_description/bin'
[0.550s] INFO:colcon.colcon_core.shell:Creating package script '/home/alecr/HRI/install/open_manipulator_x_description/share/open_manipulator_x_description/package.ps1'
[0.550s] INFO:colcon.colcon_core.shell:Creating package descriptor '/home/alecr/HRI/install/open_manipulator_x_description/share/open_manipulator_x_description/package.dsv'
[0.550s] INFO:colcon.colcon_core.shell:Creating package script '/home/alecr/HRI/install/open_manipulator_x_description/share/open_manipulator_x_description/package.sh'
[0.551s] INFO:colcon.colcon_core.shell:Creating package script '/home/alecr/HRI/install/open_manipulator_x_description/share/open_manipulator_x_description/package.bash'
[0.551s] INFO:colcon.colcon_core.shell:Creating package script '/home/alecr/HRI/install/open_manipulator_x_description/share/open_manipulator_x_description/package.zsh'
[0.551s] Level 1:colcon.colcon_core.environment:create_file_with_runtime_dependencies(/home/alecr/HRI/install/open_manipulator_x_description/share/colcon-core/packages/open_manipulator_x_description)
[0.552s] INFO:colcon.colcon_ros.task.ament_cmake.build:Building ROS package in '/home/alecr/HRI/src/robotis_manipulator' with build type 'ament_cmake'
[0.552s] INFO:colcon.colcon_cmake.task.cmake.build:Building CMake package in '/home/alecr/HRI/src/robotis_manipulator'
[0.552s] INFO:colcon.colcon_core.shell:Skip shell extension 'powershell' for command environment: Not usable outside of PowerShell
[0.552s] DEBUG:colcon.colcon_core.shell:Skip shell extension 'dsv' for command environment
[0.558s] DEBUG:colcon.colcon_core.event_handler.log_command:Invoking command in '/home/alecr/HRI/build/dynamixel_workbench_toolbox': CMAKE_PREFIX_PATH=/home/alecr/HRI/install/dynamixel_sdk:/home/alecr/HRI/install/open_manipulator:/home/alecr/HRI/install/open_manipulator_x_controller:/home/alecr/HRI/install/open_manipulator_x_libs:/home/alecr/HRI/install/robotis_manipulator:/home/alecr/HRI/install/rbe500-example:/home/alecr/HRI/install/open_manipulator_x_description:/home/alecr/HRI/install/open_manipulator_msgs:/home/alecr/HRI/install/dynamixel_workbench:/home/alecr/HRI/install/dynamixel_workbench_toolbox:/home/alecr/HRI/install/dynamixel_sdk_examples:/home/alecr/HRI/install/dynamixel_sdk_custom_interfaces:/home/alecr/HRI/install/cmake_modules:/home/alecr/ros2_ws/install/open_manipulator:/home/alecr/ros2_ws/install/open_manipulator_x_teleop:/home/alecr/ros2_ws/install/open_manipulator_x_moveit_config:/home/alecr/ros2_ws/install/srdfdom:/home/alecr/ros2_ws/install/rviz_marker_tools:/home/alecr/ros2_ws/install/rosparam_shortcuts:/home/alecr/ros2_ws/install/open_manipulator_x_playground:/home/alecr/ros2_ws/install/open_manipulator_x_gui:/home/alecr/ros2_ws/install/open_manipulator_x_bringup:/home/alecr/ros2_ws/install/open_manipulator_x_description:/home/alecr/ros2_ws/install/moveit_task_constructor_msgs:/home/alecr/ros2_ws/install/moveit_resources_prbt_support:/home/alecr/ros2_ws/install/moveit_resources:/home/alecr/ros2_ws/install/moveit_resources_pr2_description:/home/alecr/ros2_ws/install/moveit_resources_panda_moveit_config:/home/alecr/ros2_ws/install/moveit_resources_panda_description:/home/alecr/ros2_ws/install/moveit_resources_fanuc_moveit_config:/home/alecr/ros2_ws/install/moveit_resources_fanuc_description:/home/alecr/ros2_ws/install/moveit_common:/home/alecr/ros2_ws/install/interfaces:/home/alecr/ros2_ws/install/dynamixel_sdk_examples:/home/alecr/ros2_ws/install/dynamixel_sdk_custom_interfaces:/home/alecr/ros2_ws/install/dynamixel_hardware_interface:/home/alecr/ros2_ws/install/dynamixel_sdk:/home/alecr/ros2_ws/install/dynamixel_interfaces:/home/alecr/HRI/install/rbe500_example_py:/home/alecr/HRI/install/arm_control:/home/alecr/ros2_ws/install/moveit_configs_utils:/home/alecr/ros2_ws/install/mqp_ros:/home/alecr/ros2_ws/install/mqp:/home/alecr/ros2_ws/install/launch_param_builder:/home/alecr/ros2_ws/install/MQP:/home/alecr/ros2_ws/install/HRI:/opt/ros/humble LD_LIBRARY_PATH=/home/alecr/HRI/install/dynamixel_sdk/lib:/home/alecr/HRI/install/open_manipulator_x_libs/lib:/home/alecr/HRI/install/robotis_manipulator/lib:/home/alecr/HRI/install/open_manipulator_msgs/lib:/home/alecr/HRI/install/dynamixel_workbench_toolbox/lib:/home/alecr/HRI/install/dynamixel_sdk_custom_interfaces/lib:/home/alecr/ros2_ws/install/srdfdom/lib:/home/alecr/ros2_ws/install/rviz_marker_tools/lib:/home/alecr/ros2_ws/install/rosparam_shortcuts/lib:/home/alecr/ros2_ws/install/open_manipulator_x_gui/lib:/home/alecr/ros2_ws/install/moveit_task_constructor_msgs/lib:/home/alecr/ros2_ws/install/interfaces/lib:/home/alecr/ros2_ws/install/dynamixel_sdk_custom_interfaces/lib:/home/alecr/ros2_ws/install/dynamixel_hardware_interface/lib:/home/alecr/ros2_ws/install/dynamixel_sdk/lib:/home/alecr/ros2_ws/install/dynamixel_interfaces/lib:/opt/ros/humble/opt/rviz_ogre_vendor/lib:/opt/ros/humble/lib/x86_64-linux-gnu:/opt/ros/humble/lib /usr/bin/cmake --build /home/alecr/HRI/build/dynamixel_workbench_toolbox -- -j16 -l16
[0.558s] DEBUG:colcon.colcon_core.event_handler.log_command:Invoked command in '/home/alecr/HRI/build/dynamixel_sdk_custom_interfaces' returned '0': CMAKE_PREFIX_PATH=${CMAKE_PREFIX_PATH}:/home/alecr/HRI/install/rbe500_example_py:/home/alecr/HRI/install/arm_control:/home/alecr/ros2_ws/install/moveit_configs_utils:/home/alecr/ros2_ws/install/mqp_ros:/home/alecr/ros2_ws/install/mqp:/home/alecr/ros2_ws/install/launch_param_builder:/home/alecr/ros2_ws/install/MQP:/home/alecr/ros2_ws/install/HRI:/opt/ros/humble /usr/bin/cmake --build /home/alecr/HRI/build/dynamixel_sdk_custom_interfaces -- -j16 -l16
[0.559s] DEBUG:colcon.colcon_core.event_handler.log_command:Invoking command in '/home/alecr/HRI/build/dynamixel_sdk_custom_interfaces': CMAKE_PREFIX_PATH=${CMAKE_PREFIX_PATH}:/home/alecr/HRI/install/rbe500_example_py:/home/alecr/HRI/install/arm_control:/home/alecr/ros2_ws/install/moveit_configs_utils:/home/alecr/ros2_ws/install/mqp_ros:/home/alecr/ros2_ws/install/mqp:/home/alecr/ros2_ws/install/launch_param_builder:/home/alecr/ros2_ws/install/MQP:/home/alecr/ros2_ws/install/HRI:/opt/ros/humble /usr/bin/cmake --install /home/alecr/HRI/build/dynamixel_sdk_custom_interfaces
[0.559s] DEBUG:colcon.colcon_core.event_handler.log_command:Invoked command in '/home/alecr/HRI/build/open_manipulator_msgs' returned '0': CMAKE_PREFIX_PATH=${CMAKE_PREFIX_PATH}:/home/alecr/HRI/install/rbe500_example_py:/home/alecr/HRI/install/arm_control:/home/alecr/ros2_ws/install/moveit_configs_utils:/home/alecr/ros2_ws/install/mqp_ros:/home/alecr/ros2_ws/install/mqp:/home/alecr/ros2_ws/install/launch_param_builder:/home/alecr/ros2_ws/install/MQP:/home/alecr/ros2_ws/install/HRI:/opt/ros/humble /usr/bin/cmake --build /home/alecr/HRI/build/open_manipulator_msgs -- -j16 -l16
[0.560s] DEBUG:colcon.colcon_core.event_handler.log_command:Invoking command in '/home/alecr/HRI/build/open_manipulator_msgs': CMAKE_PREFIX_PATH=${CMAKE_PREFIX_PATH}:/home/alecr/HRI/install/rbe500_example_py:/home/alecr/HRI/install/arm_control:/home/alecr/ros2_ws/install/moveit_configs_utils:/home/alecr/ros2_ws/install/mqp_ros:/home/alecr/ros2_ws/install/mqp:/home/alecr/ros2_ws/install/launch_param_builder:/home/alecr/ros2_ws/install/MQP:/home/alecr/ros2_ws/install/HRI:/opt/ros/humble /usr/bin/cmake --install /home/alecr/HRI/build/open_manipulator_msgs
[0.562s] DEBUG:colcon.colcon_core.event_handler.log_command:Invoking command in '/home/alecr/HRI/build/robotis_manipulator': CMAKE_PREFIX_PATH=/home/alecr/HRI/install/cmake_modules:/home/alecr/HRI/install/open_manipulator:/home/alecr/HRI/install/open_manipulator_x_controller:/home/alecr/HRI/install/open_manipulator_x_libs:/home/alecr/HRI/install/robotis_manipulator:/home/alecr/HRI/install/rbe500-example:/home/alecr/HRI/install/open_manipulator_x_description:/home/alecr/HRI/install/open_manipulator_msgs:/home/alecr/HRI/install/dynamixel_workbench:/home/alecr/HRI/install/dynamixel_workbench_toolbox:/home/alecr/HRI/install/dynamixel_sdk_examples:/home/alecr/HRI/install/dynamixel_sdk_custom_interfaces:/home/alecr/HRI/install/dynamixel_sdk:/home/alecr/ros2_ws/install/open_manipulator:/home/alecr/ros2_ws/install/open_manipulator_x_teleop:/home/alecr/ros2_ws/install/open_manipulator_x_moveit_config:/home/alecr/ros2_ws/install/srdfdom:/home/alecr/ros2_ws/install/rviz_marker_tools:/home/alecr/ros2_ws/install/rosparam_shortcuts:/home/alecr/ros2_ws/install/open_manipulator_x_playground:/home/alecr/ros2_ws/install/open_manipulator_x_gui:/home/alecr/ros2_ws/install/open_manipulator_x_bringup:/home/alecr/ros2_ws/install/open_manipulator_x_description:/home/alecr/ros2_ws/install/moveit_task_constructor_msgs:/home/alecr/ros2_ws/install/moveit_resources_prbt_support:/home/alecr/ros2_ws/install/moveit_resources:/home/alecr/ros2_ws/install/moveit_resources_pr2_description:/home/alecr/ros2_ws/install/moveit_resources_panda_moveit_config:/home/alecr/ros2_ws/install/moveit_resources_panda_description:/home/alecr/ros2_ws/install/moveit_resources_fanuc_moveit_config:/home/alecr/ros2_ws/install/moveit_resources_fanuc_description:/home/alecr/ros2_ws/install/moveit_common:/home/alecr/ros2_ws/install/interfaces:/home/alecr/ros2_ws/install/dynamixel_sdk_examples:/home/alecr/ros2_ws/install/dynamixel_sdk_custom_interfaces:/home/alecr/ros2_ws/install/dynamixel_hardware_interface:/home/alecr/ros2_ws/install/dynamixel_sdk:/home/alecr/ros2_ws/install/dynamixel_interfaces:/home/alecr/HRI/install/rbe500_example_py:/home/alecr/HRI/install/arm_control:/home/alecr/ros2_ws/install/moveit_configs_utils:/home/alecr/ros2_ws/install/mqp_ros:/home/alecr/ros2_ws/install/mqp:/home/alecr/ros2_ws/install/launch_param_builder:/home/alecr/ros2_ws/install/MQP:/home/alecr/ros2_ws/install/HRI:/opt/ros/humble /usr/bin/cmake --build /home/alecr/HRI/build/robotis_manipulator -- -j16 -l16
[0.604s] Level 1:colcon.colcon_core.environment:create_environment_scripts_only(open_manipulator_msgs)
[0.605s] Level 1:colcon.colcon_core.environment:checking '/home/alecr/HRI/install/open_manipulator_msgs' for CMake module files
[0.607s] DEBUG:colcon.colcon_core.event_handler.log_command:Invoked command in '/home/alecr/HRI/build/open_manipulator_msgs' returned '0': CMAKE_PREFIX_PATH=${CMAKE_PREFIX_PATH}:/home/alecr/HRI/install/rbe500_example_py:/home/alecr/HRI/install/arm_control:/home/alecr/ros2_ws/install/moveit_configs_utils:/home/alecr/ros2_ws/install/mqp_ros:/home/alecr/ros2_ws/install/mqp:/home/alecr/ros2_ws/install/launch_param_builder:/home/alecr/ros2_ws/install/MQP:/home/alecr/ros2_ws/install/HRI:/opt/ros/humble /usr/bin/cmake --install /home/alecr/HRI/build/open_manipulator_msgs
[0.608s] Level 1:colcon.colcon_core.environment:checking '/home/alecr/HRI/install/open_manipulator_msgs' for CMake config files
[0.608s] Level 1:colcon.colcon_core.shell:create_environment_hook('open_manipulator_msgs', 'cmake_prefix_path')
[0.609s] INFO:colcon.colcon_core.shell:Creating environment hook '/home/alecr/HRI/install/open_manipulator_msgs/share/open_manipulator_msgs/hook/cmake_prefix_path.ps1'
[0.609s] INFO:colcon.colcon_core.shell:Creating environment descriptor '/home/alecr/HRI/install/open_manipulator_msgs/share/open_manipulator_msgs/hook/cmake_prefix_path.dsv'
[0.609s] INFO:colcon.colcon_core.shell:Creating environment hook '/home/alecr/HRI/install/open_manipulator_msgs/share/open_manipulator_msgs/hook/cmake_prefix_path.sh'
[0.609s] Level 1:colcon.colcon_core.environment:checking '/home/alecr/HRI/install/open_manipulator_msgs/lib'
[0.610s] Level 1:colcon.colcon_core.shell:create_environment_hook('open_manipulator_msgs', 'ld_library_path_lib')
[0.610s] INFO:colcon.colcon_core.shell:Creating environment hook '/home/alecr/HRI/install/open_manipulator_msgs/share/open_manipulator_msgs/hook/ld_library_path_lib.ps1'
[0.610s] INFO:colcon.colcon_core.shell:Creating environment descriptor '/home/alecr/HRI/install/open_manipulator_msgs/share/open_manipulator_msgs/hook/ld_library_path_lib.dsv'
[0.610s] INFO:colcon.colcon_core.shell:Creating environment hook '/home/alecr/HRI/install/open_manipulator_msgs/share/open_manipulator_msgs/hook/ld_library_path_lib.sh'
[0.610s] Level 1:colcon.colcon_core.environment:checking '/home/alecr/HRI/install/open_manipulator_msgs/bin'
[0.610s] Level 1:colcon.colcon_core.environment:checking '/home/alecr/HRI/install/open_manipulator_msgs/lib/pkgconfig/open_manipulator_msgs.pc'
[0.610s] Level 1:colcon.colcon_core.environment:checking '/home/alecr/HRI/install/open_manipulator_msgs/lib/python3.10/site-packages'
[0.611s] Level 1:colcon.colcon_core.environment:checking '/home/alecr/HRI/install/open_manipulator_msgs/bin'
[0.611s] INFO:colcon.colcon_core.shell:Creating package script '/home/alecr/HRI/install/open_manipulator_msgs/share/open_manipulator_msgs/package.ps1'
[0.611s] INFO:colcon.colcon_core.shell:Creating package descriptor '/home/alecr/HRI/install/open_manipulator_msgs/share/open_manipulator_msgs/package.dsv'
[0.612s] INFO:colcon.colcon_core.shell:Creating package script '/home/alecr/HRI/install/open_manipulator_msgs/share/open_manipulator_msgs/package.sh'
[0.612s] INFO:colcon.colcon_core.shell:Creating package script '/home/alecr/HRI/install/open_manipulator_msgs/share/open_manipulator_msgs/package.bash'
[0.612s] INFO:colcon.colcon_core.shell:Creating package script '/home/alecr/HRI/install/open_manipulator_msgs/share/open_manipulator_msgs/package.zsh'
[0.612s] Level 1:colcon.colcon_core.environment:create_file_with_runtime_dependencies(/home/alecr/HRI/install/open_manipulator_msgs/share/colcon-core/packages/open_manipulator_msgs)
[0.612s] Level 1:colcon.colcon_core.environment:create_environment_scripts_only(open_manipulator_msgs)
[0.613s] Level 1:colcon.colcon_core.environment:checking '/home/alecr/HRI/install/open_manipulator_msgs' for CMake module files
[0.613s] Level 1:colcon.colcon_core.environment:checking '/home/alecr/HRI/install/open_manipulator_msgs' for CMake config files
[0.613s] Level 1:colcon.colcon_core.shell:create_environment_hook('open_manipulator_msgs', 'cmake_prefix_path')
[0.613s] INFO:colcon.colcon_core.shell:Creating environment hook '/home/alecr/HRI/install/open_manipulator_msgs/share/open_manipulator_msgs/hook/cmake_prefix_path.ps1'
[0.613s] INFO:colcon.colcon_core.shell:Creating environment descriptor '/home/alecr/HRI/install/open_manipulator_msgs/share/open_manipulator_msgs/hook/cmake_prefix_path.dsv'
[0.614s] INFO:colcon.colcon_core.shell:Creating environment hook '/home/alecr/HRI/install/open_manipulator_msgs/share/open_manipulator_msgs/hook/cmake_prefix_path.sh'
[0.614s] Level 1:colcon.colcon_core.environment:checking '/home/alecr/HRI/install/open_manipulator_msgs/lib'
[0.614s] Level 1:colcon.colcon_core.shell:create_environment_hook('open_manipulator_msgs', 'ld_library_path_lib')
[0.614s] INFO:colcon.colcon_core.shell:Creating environment hook '/home/alecr/HRI/install/open_manipulator_msgs/share/open_manipulator_msgs/hook/ld_library_path_lib.ps1'
[0.614s] INFO:colcon.colcon_core.shell:Creating environment descriptor '/home/alecr/HRI/install/open_manipulator_msgs/share/open_manipulator_msgs/hook/ld_library_path_lib.dsv'
[0.614s] INFO:colcon.colcon_core.shell:Creating environment hook '/home/alecr/HRI/install/open_manipulator_msgs/share/open_manipulator_msgs/hook/ld_library_path_lib.sh'
[0.615s] Level 1:colcon.colcon_core.environment:checking '/home/alecr/HRI/install/open_manipulator_msgs/bin'
[0.615s] Level 1:colcon.colcon_core.environment:checking '/home/alecr/HRI/install/open_manipulator_msgs/lib/pkgconfig/open_manipulator_msgs.pc'
[0.615s] Level 1:colcon.colcon_core.environment:checking '/home/alecr/HRI/install/open_manipulator_msgs/lib/python3.10/site-packages'
[0.615s] Level 1:colcon.colcon_core.environment:checking '/home/alecr/HRI/install/open_manipulator_msgs/bin'
[0.615s] INFO:colcon.colcon_core.shell:Creating package script '/home/alecr/HRI/install/open_manipulator_msgs/share/open_manipulator_msgs/package.ps1'
[0.616s] INFO:colcon.colcon_core.shell:Creating package descriptor '/home/alecr/HRI/install/open_manipulator_msgs/share/open_manipulator_msgs/package.dsv'
[0.616s] INFO:colcon.colcon_core.shell:Creating package script '/home/alecr/HRI/install/open_manipulator_msgs/share/open_manipulator_msgs/package.sh'
[0.617s] INFO:colcon.colcon_core.shell:Creating package script '/home/alecr/HRI/install/open_manipulator_msgs/share/open_manipulator_msgs/package.bash'
[0.617s] INFO:colcon.colcon_core.shell:Creating package script '/home/alecr/HRI/install/open_manipulator_msgs/share/open_manipulator_msgs/package.zsh'
[0.618s] Level 1:colcon.colcon_core.environment:create_file_with_runtime_dependencies(/home/alecr/HRI/install/open_manipulator_msgs/share/colcon-core/packages/open_manipulator_msgs)
[0.619s] Level 1:colcon.colcon_core.environment:create_environment_scripts_only(dynamixel_sdk_custom_interfaces)
[0.620s] Level 1:colcon.colcon_core.environment:checking '/home/alecr/HRI/install/dynamixel_sdk_custom_interfaces' for CMake module files
[0.620s] DEBUG:colcon.colcon_core.event_handler.log_command:Invoked command in '/home/alecr/HRI/build/dynamixel_sdk_custom_interfaces' returned '0': CMAKE_PREFIX_PATH=${CMAKE_PREFIX_PATH}:/home/alecr/HRI/install/rbe500_example_py:/home/alecr/HRI/install/arm_control:/home/alecr/ros2_ws/install/moveit_configs_utils:/home/alecr/ros2_ws/install/mqp_ros:/home/alecr/ros2_ws/install/mqp:/home/alecr/ros2_ws/install/launch_param_builder:/home/alecr/ros2_ws/install/MQP:/home/alecr/ros2_ws/install/HRI:/opt/ros/humble /usr/bin/cmake --install /home/alecr/HRI/build/dynamixel_sdk_custom_interfaces
[0.620s] Level 1:colcon.colcon_core.environment:checking '/home/alecr/HRI/install/dynamixel_sdk_custom_interfaces' for CMake config files
[0.620s] Level 1:colcon.colcon_core.shell:create_environment_hook('dynamixel_sdk_custom_interfaces', 'cmake_prefix_path')
[0.621s] INFO:colcon.colcon_core.shell:Creating environment hook '/home/alecr/HRI/install/dynamixel_sdk_custom_interfaces/share/dynamixel_sdk_custom_interfaces/hook/cmake_prefix_path.ps1'
[0.621s] INFO:colcon.colcon_core.shell:Creating environment descriptor '/home/alecr/HRI/install/dynamixel_sdk_custom_interfaces/share/dynamixel_sdk_custom_interfaces/hook/cmake_prefix_path.dsv'
[0.621s] INFO:colcon.colcon_core.shell:Creating environment hook '/home/alecr/HRI/install/dynamixel_sdk_custom_interfaces/share/dynamixel_sdk_custom_interfaces/hook/cmake_prefix_path.sh'
[0.621s] Level 1:colcon.colcon_core.environment:checking '/home/alecr/HRI/install/dynamixel_sdk_custom_interfaces/lib'
[0.621s] Level 1:colcon.colcon_core.shell:create_environment_hook('dynamixel_sdk_custom_interfaces', 'ld_library_path_lib')
[0.622s] INFO:colcon.colcon_core.shell:Creating environment hook '/home/alecr/HRI/install/dynamixel_sdk_custom_interfaces/share/dynamixel_sdk_custom_interfaces/hook/ld_library_path_lib.ps1'
[0.622s] INFO:colcon.colcon_core.shell:Creating environment descriptor '/home/alecr/HRI/install/dynamixel_sdk_custom_interfaces/share/dynamixel_sdk_custom_interfaces/hook/ld_library_path_lib.dsv'
[0.622s] INFO:colcon.colcon_core.shell:Creating environment hook '/home/alecr/HRI/install/dynamixel_sdk_custom_interfaces/share/dynamixel_sdk_custom_interfaces/hook/ld_library_path_lib.sh'
[0.622s] Level 1:colcon.colcon_core.environment:checking '/home/alecr/HRI/install/dynamixel_sdk_custom_interfaces/bin'
[0.622s] Level 1:colcon.colcon_core.environment:checking '/home/alecr/HRI/install/dynamixel_sdk_custom_interfaces/lib/pkgconfig/dynamixel_sdk_custom_interfaces.pc'
[0.622s] Level 1:colcon.colcon_core.environment:checking '/home/alecr/HRI/install/dynamixel_sdk_custom_interfaces/lib/python3.10/site-packages'
[0.623s] Level 1:colcon.colcon_core.environment:checking '/home/alecr/HRI/install/dynamixel_sdk_custom_interfaces/bin'
[0.623s] INFO:colcon.colcon_core.shell:Creating package script '/home/alecr/HRI/install/dynamixel_sdk_custom_interfaces/share/dynamixel_sdk_custom_interfaces/package.ps1'
[0.623s] INFO:colcon.colcon_core.shell:Creating package descriptor '/home/alecr/HRI/install/dynamixel_sdk_custom_interfaces/share/dynamixel_sdk_custom_interfaces/package.dsv'
[0.623s] INFO:colcon.colcon_core.shell:Creating package script '/home/alecr/HRI/install/dynamixel_sdk_custom_interfaces/share/dynamixel_sdk_custom_interfaces/package.sh'
[0.624s] INFO:colcon.colcon_core.shell:Creating package script '/home/alecr/HRI/install/dynamixel_sdk_custom_interfaces/share/dynamixel_sdk_custom_interfaces/package.bash'
[0.624s] INFO:colcon.colcon_core.shell:Creating package script '/home/alecr/HRI/install/dynamixel_sdk_custom_interfaces/share/dynamixel_sdk_custom_interfaces/package.zsh'
[0.624s] Level 1:colcon.colcon_core.environment:create_file_with_runtime_dependencies(/home/alecr/HRI/install/dynamixel_sdk_custom_interfaces/share/colcon-core/packages/dynamixel_sdk_custom_interfaces)
[0.624s] Level 1:colcon.colcon_core.environment:create_environment_scripts_only(dynamixel_sdk_custom_interfaces)
[0.624s] Level 1:colcon.colcon_core.environment:checking '/home/alecr/HRI/install/dynamixel_sdk_custom_interfaces' for CMake module files
[0.625s] Level 1:colcon.colcon_core.environment:checking '/home/alecr/HRI/install/dynamixel_sdk_custom_interfaces' for CMake config files
[0.625s] Level 1:colcon.colcon_core.shell:create_environment_hook('dynamixel_sdk_custom_interfaces', 'cmake_prefix_path')
[0.625s] INFO:colcon.colcon_core.shell:Creating environment hook '/home/alecr/HRI/install/dynamixel_sdk_custom_interfaces/share/dynamixel_sdk_custom_interfaces/hook/cmake_prefix_path.ps1'
[0.625s] INFO:colcon.colcon_core.shell:Creating environment descriptor '/home/alecr/HRI/install/dynamixel_sdk_custom_interfaces/share/dynamixel_sdk_custom_interfaces/hook/cmake_prefix_path.dsv'
[0.625s] INFO:colcon.colcon_core.shell:Creating environment hook '/home/alecr/HRI/install/dynamixel_sdk_custom_interfaces/share/dynamixel_sdk_custom_interfaces/hook/cmake_prefix_path.sh'
[0.626s] Level 1:colcon.colcon_core.environment:checking '/home/alecr/HRI/install/dynamixel_sdk_custom_interfaces/lib'
[0.626s] Level 1:colcon.colcon_core.shell:create_environment_hook('dynamixel_sdk_custom_interfaces', 'ld_library_path_lib')
[0.626s] INFO:colcon.colcon_core.shell:Creating environment hook '/home/alecr/HRI/install/dynamixel_sdk_custom_interfaces/share/dynamixel_sdk_custom_interfaces/hook/ld_library_path_lib.ps1'
[0.626s] INFO:colcon.colcon_core.shell:Creating environment descriptor '/home/alecr/HRI/install/dynamixel_sdk_custom_interfaces/share/dynamixel_sdk_custom_interfaces/hook/ld_library_path_lib.dsv'
[0.626s] INFO:colcon.colcon_core.shell:Creating environment hook '/home/alecr/HRI/install/dynamixel_sdk_custom_interfaces/share/dynamixel_sdk_custom_interfaces/hook/ld_library_path_lib.sh'
[0.626s] Level 1:colcon.colcon_core.environment:checking '/home/alecr/HRI/install/dynamixel_sdk_custom_interfaces/bin'
[0.626s] Level 1:colcon.colcon_core.environment:checking '/home/alecr/HRI/install/dynamixel_sdk_custom_interfaces/lib/pkgconfig/dynamixel_sdk_custom_interfaces.pc'
[0.627s] Level 1:colcon.colcon_core.environment:checking '/home/alecr/HRI/install/dynamixel_sdk_custom_interfaces/lib/python3.10/site-packages'
[0.627s] Level 1:colcon.colcon_core.environment:checking '/home/alecr/HRI/install/dynamixel_sdk_custom_interfaces/bin'
[0.627s] INFO:colcon.colcon_core.shell:Creating package script '/home/alecr/HRI/install/dynamixel_sdk_custom_interfaces/share/dynamixel_sdk_custom_interfaces/package.ps1'
[0.627s] INFO:colcon.colcon_core.shell:Creating package descriptor '/home/alecr/HRI/install/dynamixel_sdk_custom_interfaces/share/dynamixel_sdk_custom_interfaces/package.dsv'
[0.628s] INFO:colcon.colcon_core.shell:Creating package script '/home/alecr/HRI/install/dynamixel_sdk_custom_interfaces/share/dynamixel_sdk_custom_interfaces/package.sh'
[0.628s] INFO:colcon.colcon_core.shell:Creating package script '/home/alecr/HRI/install/dynamixel_sdk_custom_interfaces/share/dynamixel_sdk_custom_interfaces/package.bash'
[0.628s] INFO:colcon.colcon_core.shell:Creating package script '/home/alecr/HRI/install/dynamixel_sdk_custom_interfaces/share/dynamixel_sdk_custom_interfaces/package.zsh'
[0.628s] Level 1:colcon.colcon_core.environment:create_file_with_runtime_dependencies(/home/alecr/HRI/install/dynamixel_sdk_custom_interfaces/share/colcon-core/packages/dynamixel_sdk_custom_interfaces)
[0.629s] DEBUG:colcon.colcon_core.event_handler.log_command:Invoked command in '/home/alecr/HRI/build/dynamixel_workbench_toolbox' returned '0': CMAKE_PREFIX_PATH=/home/alecr/HRI/install/dynamixel_sdk:/home/alecr/HRI/install/open_manipulator:/home/alecr/HRI/install/open_manipulator_x_controller:/home/alecr/HRI/install/open_manipulator_x_libs:/home/alecr/HRI/install/robotis_manipulator:/home/alecr/HRI/install/rbe500-example:/home/alecr/HRI/install/open_manipulator_x_description:/home/alecr/HRI/install/open_manipulator_msgs:/home/alecr/HRI/install/dynamixel_workbench:/home/alecr/HRI/install/dynamixel_workbench_toolbox:/home/alecr/HRI/install/dynamixel_sdk_examples:/home/alecr/HRI/install/dynamixel_sdk_custom_interfaces:/home/alecr/HRI/install/cmake_modules:/home/alecr/ros2_ws/install/open_manipulator:/home/alecr/ros2_ws/install/open_manipulator_x_teleop:/home/alecr/ros2_ws/install/open_manipulator_x_moveit_config:/home/alecr/ros2_ws/install/srdfdom:/home/alecr/ros2_ws/install/rviz_marker_tools:/home/alecr/ros2_ws/install/rosparam_shortcuts:/home/alecr/ros2_ws/install/open_manipulator_x_playground:/home/alecr/ros2_ws/install/open_manipulator_x_gui:/home/alecr/ros2_ws/install/open_manipulator_x_bringup:/home/alecr/ros2_ws/install/open_manipulator_x_description:/home/alecr/ros2_ws/install/moveit_task_constructor_msgs:/home/alecr/ros2_ws/install/moveit_resources_prbt_support:/home/alecr/ros2_ws/install/moveit_resources:/home/alecr/ros2_ws/install/moveit_resources_pr2_description:/home/alecr/ros2_ws/install/moveit_resources_panda_moveit_config:/home/alecr/ros2_ws/install/moveit_resources_panda_description:/home/alecr/ros2_ws/install/moveit_resources_fanuc_moveit_config:/home/alecr/ros2_ws/install/moveit_resources_fanuc_description:/home/alecr/ros2_ws/install/moveit_common:/home/alecr/ros2_ws/install/interfaces:/home/alecr/ros2_ws/install/dynamixel_sdk_examples:/home/alecr/ros2_ws/install/dynamixel_sdk_custom_interfaces:/home/alecr/ros2_ws/install/dynamixel_hardware_interface:/home/alecr/ros2_ws/install/dynamixel_sdk:/home/alecr/ros2_ws/install/dynamixel_interfaces:/home/alecr/HRI/install/rbe500_example_py:/home/alecr/HRI/install/arm_control:/home/alecr/ros2_ws/install/moveit_configs_utils:/home/alecr/ros2_ws/install/mqp_ros:/home/alecr/ros2_ws/install/mqp:/home/alecr/ros2_ws/install/launch_param_builder:/home/alecr/ros2_ws/install/MQP:/home/alecr/ros2_ws/install/HRI:/opt/ros/humble LD_LIBRARY_PATH=/home/alecr/HRI/install/dynamixel_sdk/lib:/home/alecr/HRI/install/open_manipulator_x_libs/lib:/home/alecr/HRI/install/robotis_manipulator/lib:/home/alecr/HRI/install/open_manipulator_msgs/lib:/home/alecr/HRI/install/dynamixel_workbench_toolbox/lib:/home/alecr/HRI/install/dynamixel_sdk_custom_interfaces/lib:/home/alecr/ros2_ws/install/srdfdom/lib:/home/alecr/ros2_ws/install/rviz_marker_tools/lib:/home/alecr/ros2_ws/install/rosparam_shortcuts/lib:/home/alecr/ros2_ws/install/open_manipulator_x_gui/lib:/home/alecr/ros2_ws/install/moveit_task_constructor_msgs/lib:/home/alecr/ros2_ws/install/interfaces/lib:/home/alecr/ros2_ws/install/dynamixel_sdk_custom_interfaces/lib:/home/alecr/ros2_ws/install/dynamixel_hardware_interface/lib:/home/alecr/ros2_ws/install/dynamixel_sdk/lib:/home/alecr/ros2_ws/install/dynamixel_interfaces/lib:/opt/ros/humble/opt/rviz_ogre_vendor/lib:/opt/ros/humble/lib/x86_64-linux-gnu:/opt/ros/humble/lib /usr/bin/cmake --build /home/alecr/HRI/build/dynamixel_workbench_toolbox -- -j16 -l16
[0.630s] DEBUG:colcon.colcon_core.event_handler.log_command:Invoking command in '/home/alecr/HRI/build/dynamixel_workbench_toolbox': CMAKE_PREFIX_PATH=/home/alecr/HRI/install/dynamixel_sdk:/home/alecr/HRI/install/open_manipulator:/home/alecr/HRI/install/open_manipulator_x_controller:/home/alecr/HRI/install/open_manipulator_x_libs:/home/alecr/HRI/install/robotis_manipulator:/home/alecr/HRI/install/rbe500-example:/home/alecr/HRI/install/open_manipulator_x_description:/home/alecr/HRI/install/open_manipulator_msgs:/home/alecr/HRI/install/dynamixel_workbench:/home/alecr/HRI/install/dynamixel_workbench_toolbox:/home/alecr/HRI/install/dynamixel_sdk_examples:/home/alecr/HRI/install/dynamixel_sdk_custom_interfaces:/home/alecr/HRI/install/cmake_modules:/home/alecr/ros2_ws/install/open_manipulator:/home/alecr/ros2_ws/install/open_manipulator_x_teleop:/home/alecr/ros2_ws/install/open_manipulator_x_moveit_config:/home/alecr/ros2_ws/install/srdfdom:/home/alecr/ros2_ws/install/rviz_marker_tools:/home/alecr/ros2_ws/install/rosparam_shortcuts:/home/alecr/ros2_ws/install/open_manipulator_x_playground:/home/alecr/ros2_ws/install/open_manipulator_x_gui:/home/alecr/ros2_ws/install/open_manipulator_x_bringup:/home/alecr/ros2_ws/install/open_manipulator_x_description:/home/alecr/ros2_ws/install/moveit_task_constructor_msgs:/home/alecr/ros2_ws/install/moveit_resources_prbt_support:/home/alecr/ros2_ws/install/moveit_resources:/home/alecr/ros2_ws/install/moveit_resources_pr2_description:/home/alecr/ros2_ws/install/moveit_resources_panda_moveit_config:/home/alecr/ros2_ws/install/moveit_resources_panda_description:/home/alecr/ros2_ws/install/moveit_resources_fanuc_moveit_config:/home/alecr/ros2_ws/install/moveit_resources_fanuc_description:/home/alecr/ros2_ws/install/moveit_common:/home/alecr/ros2_ws/install/interfaces:/home/alecr/ros2_ws/install/dynamixel_sdk_examples:/home/alecr/ros2_ws/install/dynamixel_sdk_custom_interfaces:/home/alecr/ros2_ws/install/dynamixel_hardware_interface:/home/alecr/ros2_ws/install/dynamixel_sdk:/home/alecr/ros2_ws/install/dynamixel_interfaces:/home/alecr/HRI/install/rbe500_example_py:/home/alecr/HRI/install/arm_control:/home/alecr/ros2_ws/install/moveit_configs_utils:/home/alecr/ros2_ws/install/mqp_ros:/home/alecr/ros2_ws/install/mqp:/home/alecr/ros2_ws/install/launch_param_builder:/home/alecr/ros2_ws/install/MQP:/home/alecr/ros2_ws/install/HRI:/opt/ros/humble LD_LIBRARY_PATH=/home/alecr/HRI/install/dynamixel_sdk/lib:/home/alecr/HRI/install/open_manipulator_x_libs/lib:/home/alecr/HRI/install/robotis_manipulator/lib:/home/alecr/HRI/install/open_manipulator_msgs/lib:/home/alecr/HRI/install/dynamixel_workbench_toolbox/lib:/home/alecr/HRI/install/dynamixel_sdk_custom_interfaces/lib:/home/alecr/ros2_ws/install/srdfdom/lib:/home/alecr/ros2_ws/install/rviz_marker_tools/lib:/home/alecr/ros2_ws/install/rosparam_shortcuts/lib:/home/alecr/ros2_ws/install/open_manipulator_x_gui/lib:/home/alecr/ros2_ws/install/moveit_task_constructor_msgs/lib:/home/alecr/ros2_ws/install/interfaces/lib:/home/alecr/ros2_ws/install/dynamixel_sdk_custom_interfaces/lib:/home/alecr/ros2_ws/install/dynamixel_hardware_interface/lib:/home/alecr/ros2_ws/install/dynamixel_sdk/lib:/home/alecr/ros2_ws/install/dynamixel_interfaces/lib:/opt/ros/humble/opt/rviz_ogre_vendor/lib:/opt/ros/humble/lib/x86_64-linux-gnu:/opt/ros/humble/lib /usr/bin/cmake --install /home/alecr/HRI/build/dynamixel_workbench_toolbox
[0.630s] DEBUG:colcon.colcon_core.event_handler.log_command:Invoked command in '/home/alecr/HRI/build/robotis_manipulator' returned '0': CMAKE_PREFIX_PATH=/home/alecr/HRI/install/cmake_modules:/home/alecr/HRI/install/open_manipulator:/home/alecr/HRI/install/open_manipulator_x_controller:/home/alecr/HRI/install/open_manipulator_x_libs:/home/alecr/HRI/install/robotis_manipulator:/home/alecr/HRI/install/rbe500-example:/home/alecr/HRI/install/open_manipulator_x_description:/home/alecr/HRI/install/open_manipulator_msgs:/home/alecr/HRI/install/dynamixel_workbench:/home/alecr/HRI/install/dynamixel_workbench_toolbox:/home/alecr/HRI/install/dynamixel_sdk_examples:/home/alecr/HRI/install/dynamixel_sdk_custom_interfaces:/home/alecr/HRI/install/dynamixel_sdk:/home/alecr/ros2_ws/install/open_manipulator:/home/alecr/ros2_ws/install/open_manipulator_x_teleop:/home/alecr/ros2_ws/install/open_manipulator_x_moveit_config:/home/alecr/ros2_ws/install/srdfdom:/home/alecr/ros2_ws/install/rviz_marker_tools:/home/alecr/ros2_ws/install/rosparam_shortcuts:/home/alecr/ros2_ws/install/open_manipulator_x_playground:/home/alecr/ros2_ws/install/open_manipulator_x_gui:/home/alecr/ros2_ws/install/open_manipulator_x_bringup:/home/alecr/ros2_ws/install/open_manipulator_x_description:/home/alecr/ros2_ws/install/moveit_task_constructor_msgs:/home/alecr/ros2_ws/install/moveit_resources_prbt_support:/home/alecr/ros2_ws/install/moveit_resources:/home/alecr/ros2_ws/install/moveit_resources_pr2_description:/home/alecr/ros2_ws/install/moveit_resources_panda_moveit_config:/home/alecr/ros2_ws/install/moveit_resources_panda_description:/home/alecr/ros2_ws/install/moveit_resources_fanuc_moveit_config:/home/alecr/ros2_ws/install/moveit_resources_fanuc_description:/home/alecr/ros2_ws/install/moveit_common:/home/alecr/ros2_ws/install/interfaces:/home/alecr/ros2_ws/install/dynamixel_sdk_examples:/home/alecr/ros2_ws/install/dynamixel_sdk_custom_interfaces:/home/alecr/ros2_ws/install/dynamixel_hardware_interface:/home/alecr/ros2_ws/install/dynamixel_sdk:/home/alecr/ros2_ws/install/dynamixel_interfaces:/home/alecr/HRI/install/rbe500_example_py:/home/alecr/HRI/install/arm_control:/home/alecr/ros2_ws/install/moveit_configs_utils:/home/alecr/ros2_ws/install/mqp_ros:/home/alecr/ros2_ws/install/mqp:/home/alecr/ros2_ws/install/launch_param_builder:/home/alecr/ros2_ws/install/MQP:/home/alecr/ros2_ws/install/HRI:/opt/ros/humble /usr/bin/cmake --build /home/alecr/HRI/build/robotis_manipulator -- -j16 -l16
[0.631s] DEBUG:colcon.colcon_core.event_handler.log_command:Invoking command in '/home/alecr/HRI/build/robotis_manipulator': CMAKE_PREFIX_PATH=/home/alecr/HRI/install/cmake_modules:/home/alecr/HRI/install/open_manipulator:/home/alecr/HRI/install/open_manipulator_x_controller:/home/alecr/HRI/install/open_manipulator_x_libs:/home/alecr/HRI/install/robotis_manipulator:/home/alecr/HRI/install/rbe500-example:/home/alecr/HRI/install/open_manipulator_x_description:/home/alecr/HRI/install/open_manipulator_msgs:/home/alecr/HRI/install/dynamixel_workbench:/home/alecr/HRI/install/dynamixel_workbench_toolbox:/home/alecr/HRI/install/dynamixel_sdk_examples:/home/alecr/HRI/install/dynamixel_sdk_custom_interfaces:/home/alecr/HRI/install/dynamixel_sdk:/home/alecr/ros2_ws/install/open_manipulator:/home/alecr/ros2_ws/install/open_manipulator_x_teleop:/home/alecr/ros2_ws/install/open_manipulator_x_moveit_config:/home/alecr/ros2_ws/install/srdfdom:/home/alecr/ros2_ws/install/rviz_marker_tools:/home/alecr/ros2_ws/install/rosparam_shortcuts:/home/alecr/ros2_ws/install/open_manipulator_x_playground:/home/alecr/ros2_ws/install/open_manipulator_x_gui:/home/alecr/ros2_ws/install/open_manipulator_x_bringup:/home/alecr/ros2_ws/install/open_manipulator_x_description:/home/alecr/ros2_ws/install/moveit_task_constructor_msgs:/home/alecr/ros2_ws/install/moveit_resources_prbt_support:/home/alecr/ros2_ws/install/moveit_resources:/home/alecr/ros2_ws/install/moveit_resources_pr2_description:/home/alecr/ros2_ws/install/moveit_resources_panda_moveit_config:/home/alecr/ros2_ws/install/moveit_resources_panda_description:/home/alecr/ros2_ws/install/moveit_resources_fanuc_moveit_config:/home/alecr/ros2_ws/install/moveit_resources_fanuc_description:/home/alecr/ros2_ws/install/moveit_common:/home/alecr/ros2_ws/install/interfaces:/home/alecr/ros2_ws/install/dynamixel_sdk_examples:/home/alecr/ros2_ws/install/dynamixel_sdk_custom_interfaces:/home/alecr/ros2_ws/install/dynamixel_hardware_interface:/home/alecr/ros2_ws/install/dynamixel_sdk:/home/alecr/ros2_ws/install/dynamixel_interfaces:/home/alecr/HRI/install/rbe500_example_py:/home/alecr/HRI/install/arm_control:/home/alecr/ros2_ws/install/moveit_configs_utils:/home/alecr/ros2_ws/install/mqp_ros:/home/alecr/ros2_ws/install/mqp:/home/alecr/ros2_ws/install/launch_param_builder:/home/alecr/ros2_ws/install/MQP:/home/alecr/ros2_ws/install/HRI:/opt/ros/humble /usr/bin/cmake --install /home/alecr/HRI/build/robotis_manipulator
[0.631s] INFO:colcon.colcon_ros.task.ament_cmake.build:Building ROS package in '/home/alecr/HRI/src/DynamixelSDK/dynamixel_sdk_examples' with build type 'ament_cmake'
[0.631s] INFO:colcon.colcon_cmake.task.cmake.build:Building CMake package in '/home/alecr/HRI/src/DynamixelSDK/dynamixel_sdk_examples'
[0.631s] INFO:colcon.colcon_core.shell:Skip shell extension 'powershell' for command environment: Not usable outside of PowerShell
[0.631s] DEBUG:colcon.colcon_core.shell:Skip shell extension 'dsv' for command environment
[0.639s] Level 1:colcon.colcon_core.environment:create_environment_scripts_only(dynamixel_workbench_toolbox)
[0.639s] Level 1:colcon.colcon_core.environment:checking '/home/alecr/HRI/install/dynamixel_workbench_toolbox' for CMake module files
[0.640s] Level 1:colcon.colcon_core.environment:checking '/home/alecr/HRI/install/dynamixel_workbench_toolbox' for CMake config files
[0.640s] Level 1:colcon.colcon_core.shell:create_environment_hook('dynamixel_workbench_toolbox', 'cmake_prefix_path')
[0.640s] INFO:colcon.colcon_core.shell:Creating environment hook '/home/alecr/HRI/install/dynamixel_workbench_toolbox/share/dynamixel_workbench_toolbox/hook/cmake_prefix_path.ps1'
[0.640s] DEBUG:colcon.colcon_core.event_handler.log_command:Invoked command in '/home/alecr/HRI/build/dynamixel_workbench_toolbox' returned '0': CMAKE_PREFIX_PATH=/home/alecr/HRI/install/dynamixel_sdk:/home/alecr/HRI/install/open_manipulator:/home/alecr/HRI/install/open_manipulator_x_controller:/home/alecr/HRI/install/open_manipulator_x_libs:/home/alecr/HRI/install/robotis_manipulator:/home/alecr/HRI/install/rbe500-example:/home/alecr/HRI/install/open_manipulator_x_description:/home/alecr/HRI/install/open_manipulator_msgs:/home/alecr/HRI/install/dynamixel_workbench:/home/alecr/HRI/install/dynamixel_workbench_toolbox:/home/alecr/HRI/install/dynamixel_sdk_examples:/home/alecr/HRI/install/dynamixel_sdk_custom_interfaces:/home/alecr/HRI/install/cmake_modules:/home/alecr/ros2_ws/install/open_manipulator:/home/alecr/ros2_ws/install/open_manipulator_x_teleop:/home/alecr/ros2_ws/install/open_manipulator_x_moveit_config:/home/alecr/ros2_ws/install/srdfdom:/home/alecr/ros2_ws/install/rviz_marker_tools:/home/alecr/ros2_ws/install/rosparam_shortcuts:/home/alecr/ros2_ws/install/open_manipulator_x_playground:/home/alecr/ros2_ws/install/open_manipulator_x_gui:/home/alecr/ros2_ws/install/open_manipulator_x_bringup:/home/alecr/ros2_ws/install/open_manipulator_x_description:/home/alecr/ros2_ws/install/moveit_task_constructor_msgs:/home/alecr/ros2_ws/install/moveit_resources_prbt_support:/home/alecr/ros2_ws/install/moveit_resources:/home/alecr/ros2_ws/install/moveit_resources_pr2_description:/home/alecr/ros2_ws/install/moveit_resources_panda_moveit_config:/home/alecr/ros2_ws/install/moveit_resources_panda_description:/home/alecr/ros2_ws/install/moveit_resources_fanuc_moveit_config:/home/alecr/ros2_ws/install/moveit_resources_fanuc_description:/home/alecr/ros2_ws/install/moveit_common:/home/alecr/ros2_ws/install/interfaces:/home/alecr/ros2_ws/install/dynamixel_sdk_examples:/home/alecr/ros2_ws/install/dynamixel_sdk_custom_interfaces:/home/alecr/ros2_ws/install/dynamixel_hardware_interface:/home/alecr/ros2_ws/install/dynamixel_sdk:/home/alecr/ros2_ws/install/dynamixel_interfaces:/home/alecr/HRI/install/rbe500_example_py:/home/alecr/HRI/install/arm_control:/home/alecr/ros2_ws/install/moveit_configs_utils:/home/alecr/ros2_ws/install/mqp_ros:/home/alecr/ros2_ws/install/mqp:/home/alecr/ros2_ws/install/launch_param_builder:/home/alecr/ros2_ws/install/MQP:/home/alecr/ros2_ws/install/HRI:/opt/ros/humble LD_LIBRARY_PATH=/home/alecr/HRI/install/dynamixel_sdk/lib:/home/alecr/HRI/install/open_manipulator_x_libs/lib:/home/alecr/HRI/install/robotis_manipulator/lib:/home/alecr/HRI/install/open_manipulator_msgs/lib:/home/alecr/HRI/install/dynamixel_workbench_toolbox/lib:/home/alecr/HRI/install/dynamixel_sdk_custom_interfaces/lib:/home/alecr/ros2_ws/install/srdfdom/lib:/home/alecr/ros2_ws/install/rviz_marker_tools/lib:/home/alecr/ros2_ws/install/rosparam_shortcuts/lib:/home/alecr/ros2_ws/install/open_manipulator_x_gui/lib:/home/alecr/ros2_ws/install/moveit_task_constructor_msgs/lib:/home/alecr/ros2_ws/install/interfaces/lib:/home/alecr/ros2_ws/install/dynamixel_sdk_custom_interfaces/lib:/home/alecr/ros2_ws/install/dynamixel_hardware_interface/lib:/home/alecr/ros2_ws/install/dynamixel_sdk/lib:/home/alecr/ros2_ws/install/dynamixel_interfaces/lib:/opt/ros/humble/opt/rviz_ogre_vendor/lib:/opt/ros/humble/lib/x86_64-linux-gnu:/opt/ros/humble/lib /usr/bin/cmake --install /home/alecr/HRI/build/dynamixel_workbench_toolbox
[0.640s] INFO:colcon.colcon_core.shell:Creating environment descriptor '/home/alecr/HRI/install/dynamixel_workbench_toolbox/share/dynamixel_workbench_toolbox/hook/cmake_prefix_path.dsv'
[0.641s] INFO:colcon.colcon_core.shell:Creating environment hook '/home/alecr/HRI/install/dynamixel_workbench_toolbox/share/dynamixel_workbench_toolbox/hook/cmake_prefix_path.sh'
[0.641s] Level 1:colcon.colcon_core.environment:checking '/home/alecr/HRI/install/dynamixel_workbench_toolbox/lib'
[0.641s] Level 1:colcon.colcon_core.shell:create_environment_hook('dynamixel_workbench_toolbox', 'ld_library_path_lib')
[0.641s] INFO:colcon.colcon_core.shell:Creating environment hook '/home/alecr/HRI/install/dynamixel_workbench_toolbox/share/dynamixel_workbench_toolbox/hook/ld_library_path_lib.ps1'
[0.641s] INFO:colcon.colcon_core.shell:Creating environment descriptor '/home/alecr/HRI/install/dynamixel_workbench_toolbox/share/dynamixel_workbench_toolbox/hook/ld_library_path_lib.dsv'
[0.642s] INFO:colcon.colcon_core.shell:Creating environment hook '/home/alecr/HRI/install/dynamixel_workbench_toolbox/share/dynamixel_workbench_toolbox/hook/ld_library_path_lib.sh'
[0.642s] Level 1:colcon.colcon_core.environment:checking '/home/alecr/HRI/install/dynamixel_workbench_toolbox/bin'
[0.642s] Level 1:colcon.colcon_core.environment:checking '/home/alecr/HRI/install/dynamixel_workbench_toolbox/lib/pkgconfig/dynamixel_workbench_toolbox.pc'
[0.642s] Level 1:colcon.colcon_core.environment:checking '/home/alecr/HRI/install/dynamixel_workbench_toolbox/lib/python3.10/site-packages'
[0.642s] Level 1:colcon.colcon_core.environment:checking '/home/alecr/HRI/install/dynamixel_workbench_toolbox/bin'
[0.642s] INFO:colcon.colcon_core.shell:Creating package script '/home/alecr/HRI/install/dynamixel_workbench_toolbox/share/dynamixel_workbench_toolbox/package.ps1'
[0.643s] INFO:colcon.colcon_core.shell:Creating package descriptor '/home/alecr/HRI/install/dynamixel_workbench_toolbox/share/dynamixel_workbench_toolbox/package.dsv'
[0.643s] INFO:colcon.colcon_core.shell:Creating package script '/home/alecr/HRI/install/dynamixel_workbench_toolbox/share/dynamixel_workbench_toolbox/package.sh'
[0.643s] INFO:colcon.colcon_core.shell:Creating package script '/home/alecr/HRI/install/dynamixel_workbench_toolbox/share/dynamixel_workbench_toolbox/package.bash'
[0.643s] INFO:colcon.colcon_core.shell:Creating package script '/home/alecr/HRI/install/dynamixel_workbench_toolbox/share/dynamixel_workbench_toolbox/package.zsh'
[0.643s] Level 1:colcon.colcon_core.environment:create_file_with_runtime_dependencies(/home/alecr/HRI/install/dynamixel_workbench_toolbox/share/colcon-core/packages/dynamixel_workbench_toolbox)
[0.644s] Level 1:colcon.colcon_core.environment:create_environment_scripts_only(dynamixel_workbench_toolbox)
[0.644s] Level 1:colcon.colcon_core.environment:checking '/home/alecr/HRI/install/dynamixel_workbench_toolbox' for CMake module files
[0.644s] Level 1:colcon.colcon_core.environment:checking '/home/alecr/HRI/install/dynamixel_workbench_toolbox' for CMake config files
[0.644s] Level 1:colcon.colcon_core.shell:create_environment_hook('dynamixel_workbench_toolbox', 'cmake_prefix_path')
[0.644s] INFO:colcon.colcon_core.shell:Creating environment hook '/home/alecr/HRI/install/dynamixel_workbench_toolbox/share/dynamixel_workbench_toolbox/hook/cmake_prefix_path.ps1'
[0.645s] INFO:colcon.colcon_core.shell:Creating environment descriptor '/home/alecr/HRI/install/dynamixel_workbench_toolbox/share/dynamixel_workbench_toolbox/hook/cmake_prefix_path.dsv'
[0.645s] INFO:colcon.colcon_core.shell:Creating environment hook '/home/alecr/HRI/install/dynamixel_workbench_toolbox/share/dynamixel_workbench_toolbox/hook/cmake_prefix_path.sh'
[0.645s] Level 1:colcon.colcon_core.environment:checking '/home/alecr/HRI/install/dynamixel_workbench_toolbox/lib'
[0.645s] Level 1:colcon.colcon_core.shell:create_environment_hook('dynamixel_workbench_toolbox', 'ld_library_path_lib')
[0.645s] INFO:colcon.colcon_core.shell:Creating environment hook '/home/alecr/HRI/install/dynamixel_workbench_toolbox/share/dynamixel_workbench_toolbox/hook/ld_library_path_lib.ps1'
[0.646s] INFO:colcon.colcon_core.shell:Creating environment descriptor '/home/alecr/HRI/install/dynamixel_workbench_toolbox/share/dynamixel_workbench_toolbox/hook/ld_library_path_lib.dsv'
[0.646s] INFO:colcon.colcon_core.shell:Creating environment hook '/home/alecr/HRI/install/dynamixel_workbench_toolbox/share/dynamixel_workbench_toolbox/hook/ld_library_path_lib.sh'
[0.646s] Level 1:colcon.colcon_core.environment:checking '/home/alecr/HRI/install/dynamixel_workbench_toolbox/bin'
[0.646s] Level 1:colcon.colcon_core.environment:checking '/home/alecr/HRI/install/dynamixel_workbench_toolbox/lib/pkgconfig/dynamixel_workbench_toolbox.pc'
[0.646s] Level 1:colcon.colcon_core.environment:checking '/home/alecr/HRI/install/dynamixel_workbench_toolbox/lib/python3.10/site-packages'
[0.646s] Level 1:colcon.colcon_core.environment:checking '/home/alecr/HRI/install/dynamixel_workbench_toolbox/bin'
[0.647s] INFO:colcon.colcon_core.shell:Creating package script '/home/alecr/HRI/install/dynamixel_workbench_toolbox/share/dynamixel_workbench_toolbox/package.ps1'
[0.647s] INFO:colcon.colcon_core.shell:Creating package descriptor '/home/alecr/HRI/install/dynamixel_workbench_toolbox/share/dynamixel_workbench_toolbox/package.dsv'
[0.647s] INFO:colcon.colcon_core.shell:Creating package script '/home/alecr/HRI/install/dynamixel_workbench_toolbox/share/dynamixel_workbench_toolbox/package.sh'
[0.647s] INFO:colcon.colcon_core.shell:Creating package script '/home/alecr/HRI/install/dynamixel_workbench_toolbox/share/dynamixel_workbench_toolbox/package.bash'
[0.648s] INFO:colcon.colcon_core.shell:Creating package script '/home/alecr/HRI/install/dynamixel_workbench_toolbox/share/dynamixel_workbench_toolbox/package.zsh'
[0.648s] Level 1:colcon.colcon_core.environment:create_file_with_runtime_dependencies(/home/alecr/HRI/install/dynamixel_workbench_toolbox/share/colcon-core/packages/dynamixel_workbench_toolbox)
[0.648s] INFO:colcon.colcon_ros.task.ament_cmake.build:Building ROS package in '/home/alecr/HRI/src/dynamixel-workbench/dynamixel_workbench' with build type 'ament_cmake'
[0.648s] INFO:colcon.colcon_cmake.task.cmake.build:Building CMake package in '/home/alecr/HRI/src/dynamixel-workbench/dynamixel_workbench'
[0.649s] INFO:colcon.colcon_core.shell:Skip shell extension 'powershell' for command environment: Not usable outside of PowerShell
[0.649s] DEBUG:colcon.colcon_core.shell:Skip shell extension 'dsv' for command environment
[0.652s] Level 1:colcon.colcon_core.environment:create_environment_scripts_only(robotis_manipulator)
[0.653s] Level 1:colcon.colcon_core.environment:checking '/home/alecr/HRI/install/robotis_manipulator' for CMake module files
[0.653s] DEBUG:colcon.colcon_core.event_handler.log_command:Invoked command in '/home/alecr/HRI/build/robotis_manipulator' returned '0': CMAKE_PREFIX_PATH=/home/alecr/HRI/install/cmake_modules:/home/alecr/HRI/install/open_manipulator:/home/alecr/HRI/install/open_manipulator_x_controller:/home/alecr/HRI/install/open_manipulator_x_libs:/home/alecr/HRI/install/robotis_manipulator:/home/alecr/HRI/install/rbe500-example:/home/alecr/HRI/install/open_manipulator_x_description:/home/alecr/HRI/install/open_manipulator_msgs:/home/alecr/HRI/install/dynamixel_workbench:/home/alecr/HRI/install/dynamixel_workbench_toolbox:/home/alecr/HRI/install/dynamixel_sdk_examples:/home/alecr/HRI/install/dynamixel_sdk_custom_interfaces:/home/alecr/HRI/install/dynamixel_sdk:/home/alecr/ros2_ws/install/open_manipulator:/home/alecr/ros2_ws/install/open_manipulator_x_teleop:/home/alecr/ros2_ws/install/open_manipulator_x_moveit_config:/home/alecr/ros2_ws/install/srdfdom:/home/alecr/ros2_ws/install/rviz_marker_tools:/home/alecr/ros2_ws/install/rosparam_shortcuts:/home/alecr/ros2_ws/install/open_manipulator_x_playground:/home/alecr/ros2_ws/install/open_manipulator_x_gui:/home/alecr/ros2_ws/install/open_manipulator_x_bringup:/home/alecr/ros2_ws/install/open_manipulator_x_description:/home/alecr/ros2_ws/install/moveit_task_constructor_msgs:/home/alecr/ros2_ws/install/moveit_resources_prbt_support:/home/alecr/ros2_ws/install/moveit_resources:/home/alecr/ros2_ws/install/moveit_resources_pr2_description:/home/alecr/ros2_ws/install/moveit_resources_panda_moveit_config:/home/alecr/ros2_ws/install/moveit_resources_panda_description:/home/alecr/ros2_ws/install/moveit_resources_fanuc_moveit_config:/home/alecr/ros2_ws/install/moveit_resources_fanuc_description:/home/alecr/ros2_ws/install/moveit_common:/home/alecr/ros2_ws/install/interfaces:/home/alecr/ros2_ws/install/dynamixel_sdk_examples:/home/alecr/ros2_ws/install/dynamixel_sdk_custom_interfaces:/home/alecr/ros2_ws/install/dynamixel_hardware_interface:/home/alecr/ros2_ws/install/dynamixel_sdk:/home/alecr/ros2_ws/install/dynamixel_interfaces:/home/alecr/HRI/install/rbe500_example_py:/home/alecr/HRI/install/arm_control:/home/alecr/ros2_ws/install/moveit_configs_utils:/home/alecr/ros2_ws/install/mqp_ros:/home/alecr/ros2_ws/install/mqp:/home/alecr/ros2_ws/install/launch_param_builder:/home/alecr/ros2_ws/install/MQP:/home/alecr/ros2_ws/install/HRI:/opt/ros/humble /usr/bin/cmake --install /home/alecr/HRI/build/robotis_manipulator
[0.653s] Level 1:colcon.colcon_core.environment:checking '/home/alecr/HRI/install/robotis_manipulator' for CMake config files
[0.653s] Level 1:colcon.colcon_core.shell:create_environment_hook('robotis_manipulator', 'cmake_prefix_path')
[0.653s] INFO:colcon.colcon_core.shell:Creating environment hook '/home/alecr/HRI/install/robotis_manipulator/share/robotis_manipulator/hook/cmake_prefix_path.ps1'
[0.654s] INFO:colcon.colcon_core.shell:Creating environment descriptor '/home/alecr/HRI/install/robotis_manipulator/share/robotis_manipulator/hook/cmake_prefix_path.dsv'
[0.654s] INFO:colcon.colcon_core.shell:Creating environment hook '/home/alecr/HRI/install/robotis_manipulator/share/robotis_manipulator/hook/cmake_prefix_path.sh'
[0.654s] Level 1:colcon.colcon_core.environment:checking '/home/alecr/HRI/install/robotis_manipulator/lib'
[0.654s] Level 1:colcon.colcon_core.shell:create_environment_hook('robotis_manipulator', 'ld_library_path_lib')
[0.654s] INFO:colcon.colcon_core.shell:Creating environment hook '/home/alecr/HRI/install/robotis_manipulator/share/robotis_manipulator/hook/ld_library_path_lib.ps1'
[0.655s] INFO:colcon.colcon_core.shell:Creating environment descriptor '/home/alecr/HRI/install/robotis_manipulator/share/robotis_manipulator/hook/ld_library_path_lib.dsv'
[0.655s] INFO:colcon.colcon_core.shell:Creating environment hook '/home/alecr/HRI/install/robotis_manipulator/share/robotis_manipulator/hook/ld_library_path_lib.sh'
[0.655s] Level 1:colcon.colcon_core.environment:checking '/home/alecr/HRI/install/robotis_manipulator/bin'
[0.655s] Level 1:colcon.colcon_core.environment:checking '/home/alecr/HRI/install/robotis_manipulator/lib/pkgconfig/robotis_manipulator.pc'
[0.655s] Level 1:colcon.colcon_core.environment:checking '/home/alecr/HRI/install/robotis_manipulator/lib/python3.10/site-packages'
[0.655s] Level 1:colcon.colcon_core.environment:checking '/home/alecr/HRI/install/robotis_manipulator/bin'
[0.656s] INFO:colcon.colcon_core.shell:Creating package script '/home/alecr/HRI/install/robotis_manipulator/share/robotis_manipulator/package.ps1'
[0.656s] INFO:colcon.colcon_core.shell:Creating package descriptor '/home/alecr/HRI/install/robotis_manipulator/share/robotis_manipulator/package.dsv'
[0.656s] INFO:colcon.colcon_core.shell:Creating package script '/home/alecr/HRI/install/robotis_manipulator/share/robotis_manipulator/package.sh'
[0.656s] INFO:colcon.colcon_core.shell:Creating package script '/home/alecr/HRI/install/robotis_manipulator/share/robotis_manipulator/package.bash'
[0.657s] INFO:colcon.colcon_core.shell:Creating package script '/home/alecr/HRI/install/robotis_manipulator/share/robotis_manipulator/package.zsh'
[0.657s] Level 1:colcon.colcon_core.environment:create_file_with_runtime_dependencies(/home/alecr/HRI/install/robotis_manipulator/share/colcon-core/packages/robotis_manipulator)
[0.657s] Level 1:colcon.colcon_core.environment:create_environment_scripts_only(robotis_manipulator)
[0.657s] Level 1:colcon.colcon_core.environment:checking '/home/alecr/HRI/install/robotis_manipulator' for CMake module files
[0.657s] Level 1:colcon.colcon_core.environment:checking '/home/alecr/HRI/install/robotis_manipulator' for CMake config files
[0.657s] Level 1:colcon.colcon_core.shell:create_environment_hook('robotis_manipulator', 'cmake_prefix_path')
[0.658s] INFO:colcon.colcon_core.shell:Creating environment hook '/home/alecr/HRI/install/robotis_manipulator/share/robotis_manipulator/hook/cmake_prefix_path.ps1'
[0.658s] INFO:colcon.colcon_core.shell:Creating environment descriptor '/home/alecr/HRI/install/robotis_manipulator/share/robotis_manipulator/hook/cmake_prefix_path.dsv'
[0.658s] INFO:colcon.colcon_core.shell:Creating environment hook '/home/alecr/HRI/install/robotis_manipulator/share/robotis_manipulator/hook/cmake_prefix_path.sh'
[0.658s] Level 1:colcon.colcon_core.environment:checking '/home/alecr/HRI/install/robotis_manipulator/lib'
[0.658s] Level 1:colcon.colcon_core.shell:create_environment_hook('robotis_manipulator', 'ld_library_path_lib')
[0.658s] INFO:colcon.colcon_core.shell:Creating environment hook '/home/alecr/HRI/install/robotis_manipulator/share/robotis_manipulator/hook/ld_library_path_lib.ps1'
[0.659s] INFO:colcon.colcon_core.shell:Creating environment descriptor '/home/alecr/HRI/install/robotis_manipulator/share/robotis_manipulator/hook/ld_library_path_lib.dsv'
[0.659s] INFO:colcon.colcon_core.shell:Creating environment hook '/home/alecr/HRI/install/robotis_manipulator/share/robotis_manipulator/hook/ld_library_path_lib.sh'
[0.659s] Level 1:colcon.colcon_core.environment:checking '/home/alecr/HRI/install/robotis_manipulator/bin'
[0.659s] Level 1:colcon.colcon_core.environment:checking '/home/alecr/HRI/install/robotis_manipulator/lib/pkgconfig/robotis_manipulator.pc'
[0.659s] Level 1:colcon.colcon_core.environment:checking '/home/alecr/HRI/install/robotis_manipulator/lib/python3.10/site-packages'
[0.659s] Level 1:colcon.colcon_core.environment:checking '/home/alecr/HRI/install/robotis_manipulator/bin'
[0.660s] INFO:colcon.colcon_core.shell:Creating package script '/home/alecr/HRI/install/robotis_manipulator/share/robotis_manipulator/package.ps1'
[0.660s] INFO:colcon.colcon_core.shell:Creating package descriptor '/home/alecr/HRI/install/robotis_manipulator/share/robotis_manipulator/package.dsv'
[0.660s] INFO:colcon.colcon_core.shell:Creating package script '/home/alecr/HRI/install/robotis_manipulator/share/robotis_manipulator/package.sh'
[0.661s] INFO:colcon.colcon_core.shell:Creating package script '/home/alecr/HRI/install/robotis_manipulator/share/robotis_manipulator/package.bash'
[0.661s] INFO:colcon.colcon_core.shell:Creating package script '/home/alecr/HRI/install/robotis_manipulator/share/robotis_manipulator/package.zsh'
[0.661s] Level 1:colcon.colcon_core.environment:create_file_with_runtime_dependencies(/home/alecr/HRI/install/robotis_manipulator/share/colcon-core/packages/robotis_manipulator)
[0.663s] INFO:colcon.colcon_ros.task.ament_cmake.build:Building ROS package in '/home/alecr/HRI/src/open_manipulator/open_manipulator_x_libs' with build type 'ament_cmake'
[0.663s] INFO:colcon.colcon_cmake.task.cmake.build:Building CMake package in '/home/alecr/HRI/src/open_manipulator/open_manipulator_x_libs'
[0.663s] INFO:colcon.colcon_core.shell:Skip shell extension 'powershell' for command environment: Not usable outside of PowerShell
[0.663s] DEBUG:colcon.colcon_core.shell:Skip shell extension 'dsv' for command environment
[0.664s] DEBUG:colcon.colcon_core.event_handler.log_command:Invoking command in '/home/alecr/HRI/build/dynamixel_sdk_examples': CMAKE_PREFIX_PATH=/home/alecr/HRI/install/dynamixel_sdk_custom_interfaces:/home/alecr/HRI/install/dynamixel_sdk:/home/alecr/HRI/install/open_manipulator:/home/alecr/HRI/install/open_manipulator_x_controller:/home/alecr/HRI/install/open_manipulator_x_libs:/home/alecr/HRI/install/robotis_manipulator:/home/alecr/HRI/install/rbe500-example:/home/alecr/HRI/install/open_manipulator_x_description:/home/alecr/HRI/install/open_manipulator_msgs:/home/alecr/HRI/install/dynamixel_workbench:/home/alecr/HRI/install/dynamixel_workbench_toolbox:/home/alecr/HRI/install/dynamixel_sdk_examples:/home/alecr/HRI/install/cmake_modules:/home/alecr/ros2_ws/install/open_manipulator:/home/alecr/ros2_ws/install/open_manipulator_x_teleop:/home/alecr/ros2_ws/install/open_manipulator_x_moveit_config:/home/alecr/ros2_ws/install/srdfdom:/home/alecr/ros2_ws/install/rviz_marker_tools:/home/alecr/ros2_ws/install/rosparam_shortcuts:/home/alecr/ros2_ws/install/open_manipulator_x_playground:/home/alecr/ros2_ws/install/open_manipulator_x_gui:/home/alecr/ros2_ws/install/open_manipulator_x_bringup:/home/alecr/ros2_ws/install/open_manipulator_x_description:/home/alecr/ros2_ws/install/moveit_task_constructor_msgs:/home/alecr/ros2_ws/install/moveit_resources_prbt_support:/home/alecr/ros2_ws/install/moveit_resources:/home/alecr/ros2_ws/install/moveit_resources_pr2_description:/home/alecr/ros2_ws/install/moveit_resources_panda_moveit_config:/home/alecr/ros2_ws/install/moveit_resources_panda_description:/home/alecr/ros2_ws/install/moveit_resources_fanuc_moveit_config:/home/alecr/ros2_ws/install/moveit_resources_fanuc_description:/home/alecr/ros2_ws/install/moveit_common:/home/alecr/ros2_ws/install/interfaces:/home/alecr/ros2_ws/install/dynamixel_sdk_examples:/home/alecr/ros2_ws/install/dynamixel_sdk_custom_interfaces:/home/alecr/ros2_ws/install/dynamixel_hardware_interface:/home/alecr/ros2_ws/install/dynamixel_sdk:/home/alecr/ros2_ws/install/dynamixel_interfaces:/home/alecr/HRI/install/rbe500_example_py:/home/alecr/HRI/install/arm_control:/home/alecr/ros2_ws/install/moveit_configs_utils:/home/alecr/ros2_ws/install/mqp_ros:/home/alecr/ros2_ws/install/mqp:/home/alecr/ros2_ws/install/launch_param_builder:/home/alecr/ros2_ws/install/MQP:/home/alecr/ros2_ws/install/HRI:/opt/ros/humble LD_LIBRARY_PATH=/home/alecr/HRI/install/dynamixel_sdk_custom_interfaces/lib:/home/alecr/HRI/install/dynamixel_sdk/lib:/home/alecr/HRI/install/open_manipulator_x_libs/lib:/home/alecr/HRI/install/robotis_manipulator/lib:/home/alecr/HRI/install/open_manipulator_msgs/lib:/home/alecr/HRI/install/dynamixel_workbench_toolbox/lib:/home/alecr/ros2_ws/install/srdfdom/lib:/home/alecr/ros2_ws/install/rviz_marker_tools/lib:/home/alecr/ros2_ws/install/rosparam_shortcuts/lib:/home/alecr/ros2_ws/install/open_manipulator_x_gui/lib:/home/alecr/ros2_ws/install/moveit_task_constructor_msgs/lib:/home/alecr/ros2_ws/install/interfaces/lib:/home/alecr/ros2_ws/install/dynamixel_sdk_custom_interfaces/lib:/home/alecr/ros2_ws/install/dynamixel_hardware_interface/lib:/home/alecr/ros2_ws/install/dynamixel_sdk/lib:/home/alecr/ros2_ws/install/dynamixel_interfaces/lib:/opt/ros/humble/opt/rviz_ogre_vendor/lib:/opt/ros/humble/lib/x86_64-linux-gnu:/opt/ros/humble/lib /usr/bin/cmake --build /home/alecr/HRI/build/dynamixel_sdk_examples -- -j16 -l16
[0.670s] DEBUG:colcon.colcon_core.event_handler.log_command:Invoking command in '/home/alecr/HRI/build/dynamixel_workbench': CMAKE_PREFIX_PATH=/home/alecr/HRI/install/dynamixel_workbench_toolbox:/home/alecr/HRI/install/dynamixel_sdk:/home/alecr/HRI/install/open_manipulator:/home/alecr/HRI/install/open_manipulator_x_controller:/home/alecr/HRI/install/open_manipulator_x_libs:/home/alecr/HRI/install/robotis_manipulator:/home/alecr/HRI/install/rbe500-example:/home/alecr/HRI/install/open_manipulator_x_description:/home/alecr/HRI/install/open_manipulator_msgs:/home/alecr/HRI/install/dynamixel_workbench:/home/alecr/HRI/install/dynamixel_sdk_examples:/home/alecr/HRI/install/dynamixel_sdk_custom_interfaces:/home/alecr/HRI/install/cmake_modules:/home/alecr/ros2_ws/install/open_manipulator:/home/alecr/ros2_ws/install/open_manipulator_x_teleop:/home/alecr/ros2_ws/install/open_manipulator_x_moveit_config:/home/alecr/ros2_ws/install/srdfdom:/home/alecr/ros2_ws/install/rviz_marker_tools:/home/alecr/ros2_ws/install/rosparam_shortcuts:/home/alecr/ros2_ws/install/open_manipulator_x_playground:/home/alecr/ros2_ws/install/open_manipulator_x_gui:/home/alecr/ros2_ws/install/open_manipulator_x_bringup:/home/alecr/ros2_ws/install/open_manipulator_x_description:/home/alecr/ros2_ws/install/moveit_task_constructor_msgs:/home/alecr/ros2_ws/install/moveit_resources_prbt_support:/home/alecr/ros2_ws/install/moveit_resources:/home/alecr/ros2_ws/install/moveit_resources_pr2_description:/home/alecr/ros2_ws/install/moveit_resources_panda_moveit_config:/home/alecr/ros2_ws/install/moveit_resources_panda_description:/home/alecr/ros2_ws/install/moveit_resources_fanuc_moveit_config:/home/alecr/ros2_ws/install/moveit_resources_fanuc_description:/home/alecr/ros2_ws/install/moveit_common:/home/alecr/ros2_ws/install/interfaces:/home/alecr/ros2_ws/install/dynamixel_sdk_examples:/home/alecr/ros2_ws/install/dynamixel_sdk_custom_interfaces:/home/alecr/ros2_ws/install/dynamixel_hardware_interface:/home/alecr/ros2_ws/install/dynamixel_sdk:/home/alecr/ros2_ws/install/dynamixel_interfaces:/home/alecr/HRI/install/rbe500_example_py:/home/alecr/HRI/install/arm_control:/home/alecr/ros2_ws/install/moveit_configs_utils:/home/alecr/ros2_ws/install/mqp_ros:/home/alecr/ros2_ws/install/mqp:/home/alecr/ros2_ws/install/launch_param_builder:/home/alecr/ros2_ws/install/MQP:/home/alecr/ros2_ws/install/HRI:/opt/ros/humble LD_LIBRARY_PATH=/home/alecr/HRI/install/dynamixel_workbench_toolbox/lib:/home/alecr/HRI/install/dynamixel_sdk/lib:/home/alecr/HRI/install/open_manipulator_x_libs/lib:/home/alecr/HRI/install/robotis_manipulator/lib:/home/alecr/HRI/install/open_manipulator_msgs/lib:/home/alecr/HRI/install/dynamixel_sdk_custom_interfaces/lib:/home/alecr/ros2_ws/install/srdfdom/lib:/home/alecr/ros2_ws/install/rviz_marker_tools/lib:/home/alecr/ros2_ws/install/rosparam_shortcuts/lib:/home/alecr/ros2_ws/install/open_manipulator_x_gui/lib:/home/alecr/ros2_ws/install/moveit_task_constructor_msgs/lib:/home/alecr/ros2_ws/install/interfaces/lib:/home/alecr/ros2_ws/install/dynamixel_sdk_custom_interfaces/lib:/home/alecr/ros2_ws/install/dynamixel_hardware_interface/lib:/home/alecr/ros2_ws/install/dynamixel_sdk/lib:/home/alecr/ros2_ws/install/dynamixel_interfaces/lib:/opt/ros/humble/opt/rviz_ogre_vendor/lib:/opt/ros/humble/lib/x86_64-linux-gnu:/opt/ros/humble/lib /usr/bin/cmake --build /home/alecr/HRI/build/dynamixel_workbench -- -j16 -l16
[0.679s] DEBUG:colcon.colcon_core.event_handler.log_command:Invoking command in '/home/alecr/HRI/build/open_manipulator_x_libs': CMAKE_PREFIX_PATH=/home/alecr/HRI/install/robotis_manipulator:/home/alecr/HRI/install/dynamixel_workbench_toolbox:/home/alecr/HRI/install/dynamixel_sdk:/home/alecr/HRI/install/cmake_modules:/home/alecr/HRI/install/open_manipulator:/home/alecr/HRI/install/open_manipulator_x_controller:/home/alecr/HRI/install/open_manipulator_x_libs:/home/alecr/HRI/install/rbe500-example:/home/alecr/HRI/install/open_manipulator_x_description:/home/alecr/HRI/install/open_manipulator_msgs:/home/alecr/HRI/install/dynamixel_workbench:/home/alecr/HRI/install/dynamixel_sdk_examples:/home/alecr/HRI/install/dynamixel_sdk_custom_interfaces:/home/alecr/ros2_ws/install/open_manipulator:/home/alecr/ros2_ws/install/open_manipulator_x_teleop:/home/alecr/ros2_ws/install/open_manipulator_x_moveit_config:/home/alecr/ros2_ws/install/srdfdom:/home/alecr/ros2_ws/install/rviz_marker_tools:/home/alecr/ros2_ws/install/rosparam_shortcuts:/home/alecr/ros2_ws/install/open_manipulator_x_playground:/home/alecr/ros2_ws/install/open_manipulator_x_gui:/home/alecr/ros2_ws/install/open_manipulator_x_bringup:/home/alecr/ros2_ws/install/open_manipulator_x_description:/home/alecr/ros2_ws/install/moveit_task_constructor_msgs:/home/alecr/ros2_ws/install/moveit_resources_prbt_support:/home/alecr/ros2_ws/install/moveit_resources:/home/alecr/ros2_ws/install/moveit_resources_pr2_description:/home/alecr/ros2_ws/install/moveit_resources_panda_moveit_config:/home/alecr/ros2_ws/install/moveit_resources_panda_description:/home/alecr/ros2_ws/install/moveit_resources_fanuc_moveit_config:/home/alecr/ros2_ws/install/moveit_resources_fanuc_description:/home/alecr/ros2_ws/install/moveit_common:/home/alecr/ros2_ws/install/interfaces:/home/alecr/ros2_ws/install/dynamixel_sdk_examples:/home/alecr/ros2_ws/install/dynamixel_sdk_custom_interfaces:/home/alecr/ros2_ws/install/dynamixel_hardware_interface:/home/alecr/ros2_ws/install/dynamixel_sdk:/home/alecr/ros2_ws/install/dynamixel_interfaces:/home/alecr/HRI/install/rbe500_example_py:/home/alecr/HRI/install/arm_control:/home/alecr/ros2_ws/install/moveit_configs_utils:/home/alecr/ros2_ws/install/mqp_ros:/home/alecr/ros2_ws/install/mqp:/home/alecr/ros2_ws/install/launch_param_builder:/home/alecr/ros2_ws/install/MQP:/home/alecr/ros2_ws/install/HRI:/opt/ros/humble LD_LIBRARY_PATH=/home/alecr/HRI/install/robotis_manipulator/lib:/home/alecr/HRI/install/dynamixel_workbench_toolbox/lib:/home/alecr/HRI/install/dynamixel_sdk/lib:/home/alecr/HRI/install/open_manipulator_x_libs/lib:/home/alecr/HRI/install/open_manipulator_msgs/lib:/home/alecr/HRI/install/dynamixel_sdk_custom_interfaces/lib:/home/alecr/ros2_ws/install/srdfdom/lib:/home/alecr/ros2_ws/install/rviz_marker_tools/lib:/home/alecr/ros2_ws/install/rosparam_shortcuts/lib:/home/alecr/ros2_ws/install/open_manipulator_x_gui/lib:/home/alecr/ros2_ws/install/moveit_task_constructor_msgs/lib:/home/alecr/ros2_ws/install/interfaces/lib:/home/alecr/ros2_ws/install/dynamixel_sdk_custom_interfaces/lib:/home/alecr/ros2_ws/install/dynamixel_hardware_interface/lib:/home/alecr/ros2_ws/install/dynamixel_sdk/lib:/home/alecr/ros2_ws/install/dynamixel_interfaces/lib:/opt/ros/humble/opt/rviz_ogre_vendor/lib:/opt/ros/humble/lib/x86_64-linux-gnu:/opt/ros/humble/lib /usr/bin/cmake --build /home/alecr/HRI/build/open_manipulator_x_libs -- -j16 -l16
[0.699s] DEBUG:colcon.colcon_core.event_handler.log_command:Invoked command in '/home/alecr/HRI/build/dynamixel_workbench' returned '0': CMAKE_PREFIX_PATH=/home/alecr/HRI/install/dynamixel_workbench_toolbox:/home/alecr/HRI/install/dynamixel_sdk:/home/alecr/HRI/install/open_manipulator:/home/alecr/HRI/install/open_manipulator_x_controller:/home/alecr/HRI/install/open_manipulator_x_libs:/home/alecr/HRI/install/robotis_manipulator:/home/alecr/HRI/install/rbe500-example:/home/alecr/HRI/install/open_manipulator_x_description:/home/alecr/HRI/install/open_manipulator_msgs:/home/alecr/HRI/install/dynamixel_workbench:/home/alecr/HRI/install/dynamixel_sdk_examples:/home/alecr/HRI/install/dynamixel_sdk_custom_interfaces:/home/alecr/HRI/install/cmake_modules:/home/alecr/ros2_ws/install/open_manipulator:/home/alecr/ros2_ws/install/open_manipulator_x_teleop:/home/alecr/ros2_ws/install/open_manipulator_x_moveit_config:/home/alecr/ros2_ws/install/srdfdom:/home/alecr/ros2_ws/install/rviz_marker_tools:/home/alecr/ros2_ws/install/rosparam_shortcuts:/home/alecr/ros2_ws/install/open_manipulator_x_playground:/home/alecr/ros2_ws/install/open_manipulator_x_gui:/home/alecr/ros2_ws/install/open_manipulator_x_bringup:/home/alecr/ros2_ws/install/open_manipulator_x_description:/home/alecr/ros2_ws/install/moveit_task_constructor_msgs:/home/alecr/ros2_ws/install/moveit_resources_prbt_support:/home/alecr/ros2_ws/install/moveit_resources:/home/alecr/ros2_ws/install/moveit_resources_pr2_description:/home/alecr/ros2_ws/install/moveit_resources_panda_moveit_config:/home/alecr/ros2_ws/install/moveit_resources_panda_description:/home/alecr/ros2_ws/install/moveit_resources_fanuc_moveit_config:/home/alecr/ros2_ws/install/moveit_resources_fanuc_description:/home/alecr/ros2_ws/install/moveit_common:/home/alecr/ros2_ws/install/interfaces:/home/alecr/ros2_ws/install/dynamixel_sdk_examples:/home/alecr/ros2_ws/install/dynamixel_sdk_custom_interfaces:/home/alecr/ros2_ws/install/dynamixel_hardware_interface:/home/alecr/ros2_ws/install/dynamixel_sdk:/home/alecr/ros2_ws/install/dynamixel_interfaces:/home/alecr/HRI/install/rbe500_example_py:/home/alecr/HRI/install/arm_control:/home/alecr/ros2_ws/install/moveit_configs_utils:/home/alecr/ros2_ws/install/mqp_ros:/home/alecr/ros2_ws/install/mqp:/home/alecr/ros2_ws/install/launch_param_builder:/home/alecr/ros2_ws/install/MQP:/home/alecr/ros2_ws/install/HRI:/opt/ros/humble LD_LIBRARY_PATH=/home/alecr/HRI/install/dynamixel_workbench_toolbox/lib:/home/alecr/HRI/install/dynamixel_sdk/lib:/home/alecr/HRI/install/open_manipulator_x_libs/lib:/home/alecr/HRI/install/robotis_manipulator/lib:/home/alecr/HRI/install/open_manipulator_msgs/lib:/home/alecr/HRI/install/dynamixel_sdk_custom_interfaces/lib:/home/alecr/ros2_ws/install/srdfdom/lib:/home/alecr/ros2_ws/install/rviz_marker_tools/lib:/home/alecr/ros2_ws/install/rosparam_shortcuts/lib:/home/alecr/ros2_ws/install/open_manipulator_x_gui/lib:/home/alecr/ros2_ws/install/moveit_task_constructor_msgs/lib:/home/alecr/ros2_ws/install/interfaces/lib:/home/alecr/ros2_ws/install/dynamixel_sdk_custom_interfaces/lib:/home/alecr/ros2_ws/install/dynamixel_hardware_interface/lib:/home/alecr/ros2_ws/install/dynamixel_sdk/lib:/home/alecr/ros2_ws/install/dynamixel_interfaces/lib:/opt/ros/humble/opt/rviz_ogre_vendor/lib:/opt/ros/humble/lib/x86_64-linux-gnu:/opt/ros/humble/lib /usr/bin/cmake --build /home/alecr/HRI/build/dynamixel_workbench -- -j16 -l16
[0.700s] DEBUG:colcon.colcon_core.event_handler.log_command:Invoking command in '/home/alecr/HRI/build/dynamixel_workbench': CMAKE_PREFIX_PATH=/home/alecr/HRI/install/dynamixel_workbench_toolbox:/home/alecr/HRI/install/dynamixel_sdk:/home/alecr/HRI/install/open_manipulator:/home/alecr/HRI/install/open_manipulator_x_controller:/home/alecr/HRI/install/open_manipulator_x_libs:/home/alecr/HRI/install/robotis_manipulator:/home/alecr/HRI/install/rbe500-example:/home/alecr/HRI/install/open_manipulator_x_description:/home/alecr/HRI/install/open_manipulator_msgs:/home/alecr/HRI/install/dynamixel_workbench:/home/alecr/HRI/install/dynamixel_sdk_examples:/home/alecr/HRI/install/dynamixel_sdk_custom_interfaces:/home/alecr/HRI/install/cmake_modules:/home/alecr/ros2_ws/install/open_manipulator:/home/alecr/ros2_ws/install/open_manipulator_x_teleop:/home/alecr/ros2_ws/install/open_manipulator_x_moveit_config:/home/alecr/ros2_ws/install/srdfdom:/home/alecr/ros2_ws/install/rviz_marker_tools:/home/alecr/ros2_ws/install/rosparam_shortcuts:/home/alecr/ros2_ws/install/open_manipulator_x_playground:/home/alecr/ros2_ws/install/open_manipulator_x_gui:/home/alecr/ros2_ws/install/open_manipulator_x_bringup:/home/alecr/ros2_ws/install/open_manipulator_x_description:/home/alecr/ros2_ws/install/moveit_task_constructor_msgs:/home/alecr/ros2_ws/install/moveit_resources_prbt_support:/home/alecr/ros2_ws/install/moveit_resources:/home/alecr/ros2_ws/install/moveit_resources_pr2_description:/home/alecr/ros2_ws/install/moveit_resources_panda_moveit_config:/home/alecr/ros2_ws/install/moveit_resources_panda_description:/home/alecr/ros2_ws/install/moveit_resources_fanuc_moveit_config:/home/alecr/ros2_ws/install/moveit_resources_fanuc_description:/home/alecr/ros2_ws/install/moveit_common:/home/alecr/ros2_ws/install/interfaces:/home/alecr/ros2_ws/install/dynamixel_sdk_examples:/home/alecr/ros2_ws/install/dynamixel_sdk_custom_interfaces:/home/alecr/ros2_ws/install/dynamixel_hardware_interface:/home/alecr/ros2_ws/install/dynamixel_sdk:/home/alecr/ros2_ws/install/dynamixel_interfaces:/home/alecr/HRI/install/rbe500_example_py:/home/alecr/HRI/install/arm_control:/home/alecr/ros2_ws/install/moveit_configs_utils:/home/alecr/ros2_ws/install/mqp_ros:/home/alecr/ros2_ws/install/mqp:/home/alecr/ros2_ws/install/launch_param_builder:/home/alecr/ros2_ws/install/MQP:/home/alecr/ros2_ws/install/HRI:/opt/ros/humble LD_LIBRARY_PATH=/home/alecr/HRI/install/dynamixel_workbench_toolbox/lib:/home/alecr/HRI/install/dynamixel_sdk/lib:/home/alecr/HRI/install/open_manipulator_x_libs/lib:/home/alecr/HRI/install/robotis_manipulator/lib:/home/alecr/HRI/install/open_manipulator_msgs/lib:/home/alecr/HRI/install/dynamixel_sdk_custom_interfaces/lib:/home/alecr/ros2_ws/install/srdfdom/lib:/home/alecr/ros2_ws/install/rviz_marker_tools/lib:/home/alecr/ros2_ws/install/rosparam_shortcuts/lib:/home/alecr/ros2_ws/install/open_manipulator_x_gui/lib:/home/alecr/ros2_ws/install/moveit_task_constructor_msgs/lib:/home/alecr/ros2_ws/install/interfaces/lib:/home/alecr/ros2_ws/install/dynamixel_sdk_custom_interfaces/lib:/home/alecr/ros2_ws/install/dynamixel_hardware_interface/lib:/home/alecr/ros2_ws/install/dynamixel_sdk/lib:/home/alecr/ros2_ws/install/dynamixel_interfaces/lib:/opt/ros/humble/opt/rviz_ogre_vendor/lib:/opt/ros/humble/lib/x86_64-linux-gnu:/opt/ros/humble/lib /usr/bin/cmake --install /home/alecr/HRI/build/dynamixel_workbench
[0.708s] Level 1:colcon.colcon_core.environment:create_environment_scripts_only(dynamixel_workbench)
[0.709s] Level 1:colcon.colcon_core.environment:checking '/home/alecr/HRI/install/dynamixel_workbench' for CMake module files
[0.709s] DEBUG:colcon.colcon_core.event_handler.log_command:Invoked command in '/home/alecr/HRI/build/dynamixel_workbench' returned '0': CMAKE_PREFIX_PATH=/home/alecr/HRI/install/dynamixel_workbench_toolbox:/home/alecr/HRI/install/dynamixel_sdk:/home/alecr/HRI/install/open_manipulator:/home/alecr/HRI/install/open_manipulator_x_controller:/home/alecr/HRI/install/open_manipulator_x_libs:/home/alecr/HRI/install/robotis_manipulator:/home/alecr/HRI/install/rbe500-example:/home/alecr/HRI/install/open_manipulator_x_description:/home/alecr/HRI/install/open_manipulator_msgs:/home/alecr/HRI/install/dynamixel_workbench:/home/alecr/HRI/install/dynamixel_sdk_examples:/home/alecr/HRI/install/dynamixel_sdk_custom_interfaces:/home/alecr/HRI/install/cmake_modules:/home/alecr/ros2_ws/install/open_manipulator:/home/alecr/ros2_ws/install/open_manipulator_x_teleop:/home/alecr/ros2_ws/install/open_manipulator_x_moveit_config:/home/alecr/ros2_ws/install/srdfdom:/home/alecr/ros2_ws/install/rviz_marker_tools:/home/alecr/ros2_ws/install/rosparam_shortcuts:/home/alecr/ros2_ws/install/open_manipulator_x_playground:/home/alecr/ros2_ws/install/open_manipulator_x_gui:/home/alecr/ros2_ws/install/open_manipulator_x_bringup:/home/alecr/ros2_ws/install/open_manipulator_x_description:/home/alecr/ros2_ws/install/moveit_task_constructor_msgs:/home/alecr/ros2_ws/install/moveit_resources_prbt_support:/home/alecr/ros2_ws/install/moveit_resources:/home/alecr/ros2_ws/install/moveit_resources_pr2_description:/home/alecr/ros2_ws/install/moveit_resources_panda_moveit_config:/home/alecr/ros2_ws/install/moveit_resources_panda_description:/home/alecr/ros2_ws/install/moveit_resources_fanuc_moveit_config:/home/alecr/ros2_ws/install/moveit_resources_fanuc_description:/home/alecr/ros2_ws/install/moveit_common:/home/alecr/ros2_ws/install/interfaces:/home/alecr/ros2_ws/install/dynamixel_sdk_examples:/home/alecr/ros2_ws/install/dynamixel_sdk_custom_interfaces:/home/alecr/ros2_ws/install/dynamixel_hardware_interface:/home/alecr/ros2_ws/install/dynamixel_sdk:/home/alecr/ros2_ws/install/dynamixel_interfaces:/home/alecr/HRI/install/rbe500_example_py:/home/alecr/HRI/install/arm_control:/home/alecr/ros2_ws/install/moveit_configs_utils:/home/alecr/ros2_ws/install/mqp_ros:/home/alecr/ros2_ws/install/mqp:/home/alecr/ros2_ws/install/launch_param_builder:/home/alecr/ros2_ws/install/MQP:/home/alecr/ros2_ws/install/HRI:/opt/ros/humble LD_LIBRARY_PATH=/home/alecr/HRI/install/dynamixel_workbench_toolbox/lib:/home/alecr/HRI/install/dynamixel_sdk/lib:/home/alecr/HRI/install/open_manipulator_x_libs/lib:/home/alecr/HRI/install/robotis_manipulator/lib:/home/alecr/HRI/install/open_manipulator_msgs/lib:/home/alecr/HRI/install/dynamixel_sdk_custom_interfaces/lib:/home/alecr/ros2_ws/install/srdfdom/lib:/home/alecr/ros2_ws/install/rviz_marker_tools/lib:/home/alecr/ros2_ws/install/rosparam_shortcuts/lib:/home/alecr/ros2_ws/install/open_manipulator_x_gui/lib:/home/alecr/ros2_ws/install/moveit_task_constructor_msgs/lib:/home/alecr/ros2_ws/install/interfaces/lib:/home/alecr/ros2_ws/install/dynamixel_sdk_custom_interfaces/lib:/home/alecr/ros2_ws/install/dynamixel_hardware_interface/lib:/home/alecr/ros2_ws/install/dynamixel_sdk/lib:/home/alecr/ros2_ws/install/dynamixel_interfaces/lib:/opt/ros/humble/opt/rviz_ogre_vendor/lib:/opt/ros/humble/lib/x86_64-linux-gnu:/opt/ros/humble/lib /usr/bin/cmake --install /home/alecr/HRI/build/dynamixel_workbench
[0.709s] Level 1:colcon.colcon_core.environment:checking '/home/alecr/HRI/install/dynamixel_workbench' for CMake config files
[0.709s] Level 1:colcon.colcon_core.shell:create_environment_hook('dynamixel_workbench', 'cmake_prefix_path')
[0.710s] INFO:colcon.colcon_core.shell:Creating environment hook '/home/alecr/HRI/install/dynamixel_workbench/share/dynamixel_workbench/hook/cmake_prefix_path.ps1'
[0.710s] INFO:colcon.colcon_core.shell:Creating environment descriptor '/home/alecr/HRI/install/dynamixel_workbench/share/dynamixel_workbench/hook/cmake_prefix_path.dsv'
[0.710s] INFO:colcon.colcon_core.shell:Creating environment hook '/home/alecr/HRI/install/dynamixel_workbench/share/dynamixel_workbench/hook/cmake_prefix_path.sh'
[0.710s] Level 1:colcon.colcon_core.environment:checking '/home/alecr/HRI/install/dynamixel_workbench/bin'
[0.711s] Level 1:colcon.colcon_core.environment:checking '/home/alecr/HRI/install/dynamixel_workbench/lib/pkgconfig/dynamixel_workbench.pc'
[0.711s] Level 1:colcon.colcon_core.environment:checking '/home/alecr/HRI/install/dynamixel_workbench/lib/python3.10/site-packages'
[0.711s] Level 1:colcon.colcon_core.environment:checking '/home/alecr/HRI/install/dynamixel_workbench/bin'
[0.711s] INFO:colcon.colcon_core.shell:Creating package script '/home/alecr/HRI/install/dynamixel_workbench/share/dynamixel_workbench/package.ps1'
[0.711s] INFO:colcon.colcon_core.shell:Creating package descriptor '/home/alecr/HRI/install/dynamixel_workbench/share/dynamixel_workbench/package.dsv'
[0.712s] INFO:colcon.colcon_core.shell:Creating package script '/home/alecr/HRI/install/dynamixel_workbench/share/dynamixel_workbench/package.sh'
[0.712s] INFO:colcon.colcon_core.shell:Creating package script '/home/alecr/HRI/install/dynamixel_workbench/share/dynamixel_workbench/package.bash'
[0.712s] INFO:colcon.colcon_core.shell:Creating package script '/home/alecr/HRI/install/dynamixel_workbench/share/dynamixel_workbench/package.zsh'
[0.712s] Level 1:colcon.colcon_core.environment:create_file_with_runtime_dependencies(/home/alecr/HRI/install/dynamixel_workbench/share/colcon-core/packages/dynamixel_workbench)
[0.713s] Level 1:colcon.colcon_core.environment:create_environment_scripts_only(dynamixel_workbench)
[0.713s] Level 1:colcon.colcon_core.environment:checking '/home/alecr/HRI/install/dynamixel_workbench' for CMake module files
[0.713s] Level 1:colcon.colcon_core.environment:checking '/home/alecr/HRI/install/dynamixel_workbench' for CMake config files
[0.713s] Level 1:colcon.colcon_core.shell:create_environment_hook('dynamixel_workbench', 'cmake_prefix_path')
[0.713s] INFO:colcon.colcon_core.shell:Creating environment hook '/home/alecr/HRI/install/dynamixel_workbench/share/dynamixel_workbench/hook/cmake_prefix_path.ps1'
[0.713s] INFO:colcon.colcon_core.shell:Creating environment descriptor '/home/alecr/HRI/install/dynamixel_workbench/share/dynamixel_workbench/hook/cmake_prefix_path.dsv'
[0.714s] INFO:colcon.colcon_core.shell:Creating environment hook '/home/alecr/HRI/install/dynamixel_workbench/share/dynamixel_workbench/hook/cmake_prefix_path.sh'
[0.714s] Level 1:colcon.colcon_core.environment:checking '/home/alecr/HRI/install/dynamixel_workbench/bin'
[0.714s] Level 1:colcon.colcon_core.environment:checking '/home/alecr/HRI/install/dynamixel_workbench/lib/pkgconfig/dynamixel_workbench.pc'
[0.714s] Level 1:colcon.colcon_core.environment:checking '/home/alecr/HRI/install/dynamixel_workbench/lib/python3.10/site-packages'
[0.714s] Level 1:colcon.colcon_core.environment:checking '/home/alecr/HRI/install/dynamixel_workbench/bin'
[0.715s] INFO:colcon.colcon_core.shell:Creating package script '/home/alecr/HRI/install/dynamixel_workbench/share/dynamixel_workbench/package.ps1'
[0.715s] INFO:colcon.colcon_core.shell:Creating package descriptor '/home/alecr/HRI/install/dynamixel_workbench/share/dynamixel_workbench/package.dsv'
[0.715s] INFO:colcon.colcon_core.shell:Creating package script '/home/alecr/HRI/install/dynamixel_workbench/share/dynamixel_workbench/package.sh'
[0.715s] INFO:colcon.colcon_core.shell:Creating package script '/home/alecr/HRI/install/dynamixel_workbench/share/dynamixel_workbench/package.bash'
[0.716s] INFO:colcon.colcon_core.shell:Creating package script '/home/alecr/HRI/install/dynamixel_workbench/share/dynamixel_workbench/package.zsh'
[0.716s] Level 1:colcon.colcon_core.environment:create_file_with_runtime_dependencies(/home/alecr/HRI/install/dynamixel_workbench/share/colcon-core/packages/dynamixel_workbench)
[0.717s] DEBUG:colcon.colcon_core.event_handler.log_command:Invoked command in '/home/alecr/HRI/build/dynamixel_sdk_examples' returned '0': CMAKE_PREFIX_PATH=/home/alecr/HRI/install/dynamixel_sdk_custom_interfaces:/home/alecr/HRI/install/dynamixel_sdk:/home/alecr/HRI/install/open_manipulator:/home/alecr/HRI/install/open_manipulator_x_controller:/home/alecr/HRI/install/open_manipulator_x_libs:/home/alecr/HRI/install/robotis_manipulator:/home/alecr/HRI/install/rbe500-example:/home/alecr/HRI/install/open_manipulator_x_description:/home/alecr/HRI/install/open_manipulator_msgs:/home/alecr/HRI/install/dynamixel_workbench:/home/alecr/HRI/install/dynamixel_workbench_toolbox:/home/alecr/HRI/install/dynamixel_sdk_examples:/home/alecr/HRI/install/cmake_modules:/home/alecr/ros2_ws/install/open_manipulator:/home/alecr/ros2_ws/install/open_manipulator_x_teleop:/home/alecr/ros2_ws/install/open_manipulator_x_moveit_config:/home/alecr/ros2_ws/install/srdfdom:/home/alecr/ros2_ws/install/rviz_marker_tools:/home/alecr/ros2_ws/install/rosparam_shortcuts:/home/alecr/ros2_ws/install/open_manipulator_x_playground:/home/alecr/ros2_ws/install/open_manipulator_x_gui:/home/alecr/ros2_ws/install/open_manipulator_x_bringup:/home/alecr/ros2_ws/install/open_manipulator_x_description:/home/alecr/ros2_ws/install/moveit_task_constructor_msgs:/home/alecr/ros2_ws/install/moveit_resources_prbt_support:/home/alecr/ros2_ws/install/moveit_resources:/home/alecr/ros2_ws/install/moveit_resources_pr2_description:/home/alecr/ros2_ws/install/moveit_resources_panda_moveit_config:/home/alecr/ros2_ws/install/moveit_resources_panda_description:/home/alecr/ros2_ws/install/moveit_resources_fanuc_moveit_config:/home/alecr/ros2_ws/install/moveit_resources_fanuc_description:/home/alecr/ros2_ws/install/moveit_common:/home/alecr/ros2_ws/install/interfaces:/home/alecr/ros2_ws/install/dynamixel_sdk_examples:/home/alecr/ros2_ws/install/dynamixel_sdk_custom_interfaces:/home/alecr/ros2_ws/install/dynamixel_hardware_interface:/home/alecr/ros2_ws/install/dynamixel_sdk:/home/alecr/ros2_ws/install/dynamixel_interfaces:/home/alecr/HRI/install/rbe500_example_py:/home/alecr/HRI/install/arm_control:/home/alecr/ros2_ws/install/moveit_configs_utils:/home/alecr/ros2_ws/install/mqp_ros:/home/alecr/ros2_ws/install/mqp:/home/alecr/ros2_ws/install/launch_param_builder:/home/alecr/ros2_ws/install/MQP:/home/alecr/ros2_ws/install/HRI:/opt/ros/humble LD_LIBRARY_PATH=/home/alecr/HRI/install/dynamixel_sdk_custom_interfaces/lib:/home/alecr/HRI/install/dynamixel_sdk/lib:/home/alecr/HRI/install/open_manipulator_x_libs/lib:/home/alecr/HRI/install/robotis_manipulator/lib:/home/alecr/HRI/install/open_manipulator_msgs/lib:/home/alecr/HRI/install/dynamixel_workbench_toolbox/lib:/home/alecr/ros2_ws/install/srdfdom/lib:/home/alecr/ros2_ws/install/rviz_marker_tools/lib:/home/alecr/ros2_ws/install/rosparam_shortcuts/lib:/home/alecr/ros2_ws/install/open_manipulator_x_gui/lib:/home/alecr/ros2_ws/install/moveit_task_constructor_msgs/lib:/home/alecr/ros2_ws/install/interfaces/lib:/home/alecr/ros2_ws/install/dynamixel_sdk_custom_interfaces/lib:/home/alecr/ros2_ws/install/dynamixel_hardware_interface/lib:/home/alecr/ros2_ws/install/dynamixel_sdk/lib:/home/alecr/ros2_ws/install/dynamixel_interfaces/lib:/opt/ros/humble/opt/rviz_ogre_vendor/lib:/opt/ros/humble/lib/x86_64-linux-gnu:/opt/ros/humble/lib /usr/bin/cmake --build /home/alecr/HRI/build/dynamixel_sdk_examples -- -j16 -l16
[0.718s] DEBUG:colcon.colcon_core.event_handler.log_command:Invoking command in '/home/alecr/HRI/build/dynamixel_sdk_examples': CMAKE_PREFIX_PATH=/home/alecr/HRI/install/dynamixel_sdk_custom_interfaces:/home/alecr/HRI/install/dynamixel_sdk:/home/alecr/HRI/install/open_manipulator:/home/alecr/HRI/install/open_manipulator_x_controller:/home/alecr/HRI/install/open_manipulator_x_libs:/home/alecr/HRI/install/robotis_manipulator:/home/alecr/HRI/install/rbe500-example:/home/alecr/HRI/install/open_manipulator_x_description:/home/alecr/HRI/install/open_manipulator_msgs:/home/alecr/HRI/install/dynamixel_workbench:/home/alecr/HRI/install/dynamixel_workbench_toolbox:/home/alecr/HRI/install/dynamixel_sdk_examples:/home/alecr/HRI/install/cmake_modules:/home/alecr/ros2_ws/install/open_manipulator:/home/alecr/ros2_ws/install/open_manipulator_x_teleop:/home/alecr/ros2_ws/install/open_manipulator_x_moveit_config:/home/alecr/ros2_ws/install/srdfdom:/home/alecr/ros2_ws/install/rviz_marker_tools:/home/alecr/ros2_ws/install/rosparam_shortcuts:/home/alecr/ros2_ws/install/open_manipulator_x_playground:/home/alecr/ros2_ws/install/open_manipulator_x_gui:/home/alecr/ros2_ws/install/open_manipulator_x_bringup:/home/alecr/ros2_ws/install/open_manipulator_x_description:/home/alecr/ros2_ws/install/moveit_task_constructor_msgs:/home/alecr/ros2_ws/install/moveit_resources_prbt_support:/home/alecr/ros2_ws/install/moveit_resources:/home/alecr/ros2_ws/install/moveit_resources_pr2_description:/home/alecr/ros2_ws/install/moveit_resources_panda_moveit_config:/home/alecr/ros2_ws/install/moveit_resources_panda_description:/home/alecr/ros2_ws/install/moveit_resources_fanuc_moveit_config:/home/alecr/ros2_ws/install/moveit_resources_fanuc_description:/home/alecr/ros2_ws/install/moveit_common:/home/alecr/ros2_ws/install/interfaces:/home/alecr/ros2_ws/install/dynamixel_sdk_examples:/home/alecr/ros2_ws/install/dynamixel_sdk_custom_interfaces:/home/alecr/ros2_ws/install/dynamixel_hardware_interface:/home/alecr/ros2_ws/install/dynamixel_sdk:/home/alecr/ros2_ws/install/dynamixel_interfaces:/home/alecr/HRI/install/rbe500_example_py:/home/alecr/HRI/install/arm_control:/home/alecr/ros2_ws/install/moveit_configs_utils:/home/alecr/ros2_ws/install/mqp_ros:/home/alecr/ros2_ws/install/mqp:/home/alecr/ros2_ws/install/launch_param_builder:/home/alecr/ros2_ws/install/MQP:/home/alecr/ros2_ws/install/HRI:/opt/ros/humble LD_LIBRARY_PATH=/home/alecr/HRI/install/dynamixel_sdk_custom_interfaces/lib:/home/alecr/HRI/install/dynamixel_sdk/lib:/home/alecr/HRI/install/open_manipulator_x_libs/lib:/home/alecr/HRI/install/robotis_manipulator/lib:/home/alecr/HRI/install/open_manipulator_msgs/lib:/home/alecr/HRI/install/dynamixel_workbench_toolbox/lib:/home/alecr/ros2_ws/install/srdfdom/lib:/home/alecr/ros2_ws/install/rviz_marker_tools/lib:/home/alecr/ros2_ws/install/rosparam_shortcuts/lib:/home/alecr/ros2_ws/install/open_manipulator_x_gui/lib:/home/alecr/ros2_ws/install/moveit_task_constructor_msgs/lib:/home/alecr/ros2_ws/install/interfaces/lib:/home/alecr/ros2_ws/install/dynamixel_sdk_custom_interfaces/lib:/home/alecr/ros2_ws/install/dynamixel_hardware_interface/lib:/home/alecr/ros2_ws/install/dynamixel_sdk/lib:/home/alecr/ros2_ws/install/dynamixel_interfaces/lib:/opt/ros/humble/opt/rviz_ogre_vendor/lib:/opt/ros/humble/lib/x86_64-linux-gnu:/opt/ros/humble/lib /usr/bin/cmake --install /home/alecr/HRI/build/dynamixel_sdk_examples
[0.725s] Level 1:colcon.colcon_core.environment:create_environment_scripts_only(dynamixel_sdk_examples)
[0.726s] Level 1:colcon.colcon_core.environment:checking '/home/alecr/HRI/install/dynamixel_sdk_examples' for CMake module files
[0.726s] DEBUG:colcon.colcon_core.event_handler.log_command:Invoked command in '/home/alecr/HRI/build/dynamixel_sdk_examples' returned '0': CMAKE_PREFIX_PATH=/home/alecr/HRI/install/dynamixel_sdk_custom_interfaces:/home/alecr/HRI/install/dynamixel_sdk:/home/alecr/HRI/install/open_manipulator:/home/alecr/HRI/install/open_manipulator_x_controller:/home/alecr/HRI/install/open_manipulator_x_libs:/home/alecr/HRI/install/robotis_manipulator:/home/alecr/HRI/install/rbe500-example:/home/alecr/HRI/install/open_manipulator_x_description:/home/alecr/HRI/install/open_manipulator_msgs:/home/alecr/HRI/install/dynamixel_workbench:/home/alecr/HRI/install/dynamixel_workbench_toolbox:/home/alecr/HRI/install/dynamixel_sdk_examples:/home/alecr/HRI/install/cmake_modules:/home/alecr/ros2_ws/install/open_manipulator:/home/alecr/ros2_ws/install/open_manipulator_x_teleop:/home/alecr/ros2_ws/install/open_manipulator_x_moveit_config:/home/alecr/ros2_ws/install/srdfdom:/home/alecr/ros2_ws/install/rviz_marker_tools:/home/alecr/ros2_ws/install/rosparam_shortcuts:/home/alecr/ros2_ws/install/open_manipulator_x_playground:/home/alecr/ros2_ws/install/open_manipulator_x_gui:/home/alecr/ros2_ws/install/open_manipulator_x_bringup:/home/alecr/ros2_ws/install/open_manipulator_x_description:/home/alecr/ros2_ws/install/moveit_task_constructor_msgs:/home/alecr/ros2_ws/install/moveit_resources_prbt_support:/home/alecr/ros2_ws/install/moveit_resources:/home/alecr/ros2_ws/install/moveit_resources_pr2_description:/home/alecr/ros2_ws/install/moveit_resources_panda_moveit_config:/home/alecr/ros2_ws/install/moveit_resources_panda_description:/home/alecr/ros2_ws/install/moveit_resources_fanuc_moveit_config:/home/alecr/ros2_ws/install/moveit_resources_fanuc_description:/home/alecr/ros2_ws/install/moveit_common:/home/alecr/ros2_ws/install/interfaces:/home/alecr/ros2_ws/install/dynamixel_sdk_examples:/home/alecr/ros2_ws/install/dynamixel_sdk_custom_interfaces:/home/alecr/ros2_ws/install/dynamixel_hardware_interface:/home/alecr/ros2_ws/install/dynamixel_sdk:/home/alecr/ros2_ws/install/dynamixel_interfaces:/home/alecr/HRI/install/rbe500_example_py:/home/alecr/HRI/install/arm_control:/home/alecr/ros2_ws/install/moveit_configs_utils:/home/alecr/ros2_ws/install/mqp_ros:/home/alecr/ros2_ws/install/mqp:/home/alecr/ros2_ws/install/launch_param_builder:/home/alecr/ros2_ws/install/MQP:/home/alecr/ros2_ws/install/HRI:/opt/ros/humble LD_LIBRARY_PATH=/home/alecr/HRI/install/dynamixel_sdk_custom_interfaces/lib:/home/alecr/HRI/install/dynamixel_sdk/lib:/home/alecr/HRI/install/open_manipulator_x_libs/lib:/home/alecr/HRI/install/robotis_manipulator/lib:/home/alecr/HRI/install/open_manipulator_msgs/lib:/home/alecr/HRI/install/dynamixel_workbench_toolbox/lib:/home/alecr/ros2_ws/install/srdfdom/lib:/home/alecr/ros2_ws/install/rviz_marker_tools/lib:/home/alecr/ros2_ws/install/rosparam_shortcuts/lib:/home/alecr/ros2_ws/install/open_manipulator_x_gui/lib:/home/alecr/ros2_ws/install/moveit_task_constructor_msgs/lib:/home/alecr/ros2_ws/install/interfaces/lib:/home/alecr/ros2_ws/install/dynamixel_sdk_custom_interfaces/lib:/home/alecr/ros2_ws/install/dynamixel_hardware_interface/lib:/home/alecr/ros2_ws/install/dynamixel_sdk/lib:/home/alecr/ros2_ws/install/dynamixel_interfaces/lib:/opt/ros/humble/opt/rviz_ogre_vendor/lib:/opt/ros/humble/lib/x86_64-linux-gnu:/opt/ros/humble/lib /usr/bin/cmake --install /home/alecr/HRI/build/dynamixel_sdk_examples
[0.726s] Level 1:colcon.colcon_core.environment:checking '/home/alecr/HRI/install/dynamixel_sdk_examples' for CMake config files
[0.726s] Level 1:colcon.colcon_core.shell:create_environment_hook('dynamixel_sdk_examples', 'cmake_prefix_path')
[0.727s] INFO:colcon.colcon_core.shell:Creating environment hook '/home/alecr/HRI/install/dynamixel_sdk_examples/share/dynamixel_sdk_examples/hook/cmake_prefix_path.ps1'
[0.727s] INFO:colcon.colcon_core.shell:Creating environment descriptor '/home/alecr/HRI/install/dynamixel_sdk_examples/share/dynamixel_sdk_examples/hook/cmake_prefix_path.dsv'
[0.727s] INFO:colcon.colcon_core.shell:Creating environment hook '/home/alecr/HRI/install/dynamixel_sdk_examples/share/dynamixel_sdk_examples/hook/cmake_prefix_path.sh'
[0.728s] Level 1:colcon.colcon_core.environment:checking '/home/alecr/HRI/install/dynamixel_sdk_examples/lib'
[0.728s] Level 1:colcon.colcon_core.environment:checking '/home/alecr/HRI/install/dynamixel_sdk_examples/bin'
[0.728s] Level 1:colcon.colcon_core.environment:checking '/home/alecr/HRI/install/dynamixel_sdk_examples/lib/pkgconfig/dynamixel_sdk_examples.pc'
[0.728s] Level 1:colcon.colcon_core.environment:checking '/home/alecr/HRI/install/dynamixel_sdk_examples/lib/python3.10/site-packages'
[0.728s] Level 1:colcon.colcon_core.environment:checking '/home/alecr/HRI/install/dynamixel_sdk_examples/bin'
[0.728s] INFO:colcon.colcon_core.shell:Creating package script '/home/alecr/HRI/install/dynamixel_sdk_examples/share/dynamixel_sdk_examples/package.ps1'
[0.729s] INFO:colcon.colcon_core.shell:Creating package descriptor '/home/alecr/HRI/install/dynamixel_sdk_examples/share/dynamixel_sdk_examples/package.dsv'
[0.729s] INFO:colcon.colcon_core.shell:Creating package script '/home/alecr/HRI/install/dynamixel_sdk_examples/share/dynamixel_sdk_examples/package.sh'
[0.729s] INFO:colcon.colcon_core.shell:Creating package script '/home/alecr/HRI/install/dynamixel_sdk_examples/share/dynamixel_sdk_examples/package.bash'
[0.729s] INFO:colcon.colcon_core.shell:Creating package script '/home/alecr/HRI/install/dynamixel_sdk_examples/share/dynamixel_sdk_examples/package.zsh'
[0.730s] Level 1:colcon.colcon_core.environment:create_file_with_runtime_dependencies(/home/alecr/HRI/install/dynamixel_sdk_examples/share/colcon-core/packages/dynamixel_sdk_examples)
[0.730s] Level 1:colcon.colcon_core.environment:create_environment_scripts_only(dynamixel_sdk_examples)
[0.730s] Level 1:colcon.colcon_core.environment:checking '/home/alecr/HRI/install/dynamixel_sdk_examples' for CMake module files
[0.730s] Level 1:colcon.colcon_core.environment:checking '/home/alecr/HRI/install/dynamixel_sdk_examples' for CMake config files
[0.730s] Level 1:colcon.colcon_core.shell:create_environment_hook('dynamixel_sdk_examples', 'cmake_prefix_path')
[0.731s] INFO:colcon.colcon_core.shell:Creating environment hook '/home/alecr/HRI/install/dynamixel_sdk_examples/share/dynamixel_sdk_examples/hook/cmake_prefix_path.ps1'
[0.731s] INFO:colcon.colcon_core.shell:Creating environment descriptor '/home/alecr/HRI/install/dynamixel_sdk_examples/share/dynamixel_sdk_examples/hook/cmake_prefix_path.dsv'
[0.731s] INFO:colcon.colcon_core.shell:Creating environment hook '/home/alecr/HRI/install/dynamixel_sdk_examples/share/dynamixel_sdk_examples/hook/cmake_prefix_path.sh'
[0.731s] Level 1:colcon.colcon_core.environment:checking '/home/alecr/HRI/install/dynamixel_sdk_examples/lib'
[0.731s] Level 1:colcon.colcon_core.environment:checking '/home/alecr/HRI/install/dynamixel_sdk_examples/bin'
[0.731s] Level 1:colcon.colcon_core.environment:checking '/home/alecr/HRI/install/dynamixel_sdk_examples/lib/pkgconfig/dynamixel_sdk_examples.pc'
[0.731s] Level 1:colcon.colcon_core.environment:checking '/home/alecr/HRI/install/dynamixel_sdk_examples/lib/python3.10/site-packages'
[0.732s] Level 1:colcon.colcon_core.environment:checking '/home/alecr/HRI/install/dynamixel_sdk_examples/bin'
[0.732s] INFO:colcon.colcon_core.shell:Creating package script '/home/alecr/HRI/install/dynamixel_sdk_examples/share/dynamixel_sdk_examples/package.ps1'
[0.732s] INFO:colcon.colcon_core.shell:Creating package descriptor '/home/alecr/HRI/install/dynamixel_sdk_examples/share/dynamixel_sdk_examples/package.dsv'
[0.732s] INFO:colcon.colcon_core.shell:Creating package script '/home/alecr/HRI/install/dynamixel_sdk_examples/share/dynamixel_sdk_examples/package.sh'
[0.733s] INFO:colcon.colcon_core.shell:Creating package script '/home/alecr/HRI/install/dynamixel_sdk_examples/share/dynamixel_sdk_examples/package.bash'
[0.733s] INFO:colcon.colcon_core.shell:Creating package script '/home/alecr/HRI/install/dynamixel_sdk_examples/share/dynamixel_sdk_examples/package.zsh'
[0.733s] Level 1:colcon.colcon_core.environment:create_file_with_runtime_dependencies(/home/alecr/HRI/install/dynamixel_sdk_examples/share/colcon-core/packages/dynamixel_sdk_examples)
[0.734s] DEBUG:colcon.colcon_core.event_handler.log_command:Invoked command in '/home/alecr/HRI/build/open_manipulator_x_libs' returned '0': CMAKE_PREFIX_PATH=/home/alecr/HRI/install/robotis_manipulator:/home/alecr/HRI/install/dynamixel_workbench_toolbox:/home/alecr/HRI/install/dynamixel_sdk:/home/alecr/HRI/install/cmake_modules:/home/alecr/HRI/install/open_manipulator:/home/alecr/HRI/install/open_manipulator_x_controller:/home/alecr/HRI/install/open_manipulator_x_libs:/home/alecr/HRI/install/rbe500-example:/home/alecr/HRI/install/open_manipulator_x_description:/home/alecr/HRI/install/open_manipulator_msgs:/home/alecr/HRI/install/dynamixel_workbench:/home/alecr/HRI/install/dynamixel_sdk_examples:/home/alecr/HRI/install/dynamixel_sdk_custom_interfaces:/home/alecr/ros2_ws/install/open_manipulator:/home/alecr/ros2_ws/install/open_manipulator_x_teleop:/home/alecr/ros2_ws/install/open_manipulator_x_moveit_config:/home/alecr/ros2_ws/install/srdfdom:/home/alecr/ros2_ws/install/rviz_marker_tools:/home/alecr/ros2_ws/install/rosparam_shortcuts:/home/alecr/ros2_ws/install/open_manipulator_x_playground:/home/alecr/ros2_ws/install/open_manipulator_x_gui:/home/alecr/ros2_ws/install/open_manipulator_x_bringup:/home/alecr/ros2_ws/install/open_manipulator_x_description:/home/alecr/ros2_ws/install/moveit_task_constructor_msgs:/home/alecr/ros2_ws/install/moveit_resources_prbt_support:/home/alecr/ros2_ws/install/moveit_resources:/home/alecr/ros2_ws/install/moveit_resources_pr2_description:/home/alecr/ros2_ws/install/moveit_resources_panda_moveit_config:/home/alecr/ros2_ws/install/moveit_resources_panda_description:/home/alecr/ros2_ws/install/moveit_resources_fanuc_moveit_config:/home/alecr/ros2_ws/install/moveit_resources_fanuc_description:/home/alecr/ros2_ws/install/moveit_common:/home/alecr/ros2_ws/install/interfaces:/home/alecr/ros2_ws/install/dynamixel_sdk_examples:/home/alecr/ros2_ws/install/dynamixel_sdk_custom_interfaces:/home/alecr/ros2_ws/install/dynamixel_hardware_interface:/home/alecr/ros2_ws/install/dynamixel_sdk:/home/alecr/ros2_ws/install/dynamixel_interfaces:/home/alecr/HRI/install/rbe500_example_py:/home/alecr/HRI/install/arm_control:/home/alecr/ros2_ws/install/moveit_configs_utils:/home/alecr/ros2_ws/install/mqp_ros:/home/alecr/ros2_ws/install/mqp:/home/alecr/ros2_ws/install/launch_param_builder:/home/alecr/ros2_ws/install/MQP:/home/alecr/ros2_ws/install/HRI:/opt/ros/humble LD_LIBRARY_PATH=/home/alecr/HRI/install/robotis_manipulator/lib:/home/alecr/HRI/install/dynamixel_workbench_toolbox/lib:/home/alecr/HRI/install/dynamixel_sdk/lib:/home/alecr/HRI/install/open_manipulator_x_libs/lib:/home/alecr/HRI/install/open_manipulator_msgs/lib:/home/alecr/HRI/install/dynamixel_sdk_custom_interfaces/lib:/home/alecr/ros2_ws/install/srdfdom/lib:/home/alecr/ros2_ws/install/rviz_marker_tools/lib:/home/alecr/ros2_ws/install/rosparam_shortcuts/lib:/home/alecr/ros2_ws/install/open_manipulator_x_gui/lib:/home/alecr/ros2_ws/install/moveit_task_constructor_msgs/lib:/home/alecr/ros2_ws/install/interfaces/lib:/home/alecr/ros2_ws/install/dynamixel_sdk_custom_interfaces/lib:/home/alecr/ros2_ws/install/dynamixel_hardware_interface/lib:/home/alecr/ros2_ws/install/dynamixel_sdk/lib:/home/alecr/ros2_ws/install/dynamixel_interfaces/lib:/opt/ros/humble/opt/rviz_ogre_vendor/lib:/opt/ros/humble/lib/x86_64-linux-gnu:/opt/ros/humble/lib /usr/bin/cmake --build /home/alecr/HRI/build/open_manipulator_x_libs -- -j16 -l16
[0.735s] DEBUG:colcon.colcon_core.event_handler.log_command:Invoking command in '/home/alecr/HRI/build/open_manipulator_x_libs': CMAKE_PREFIX_PATH=/home/alecr/HRI/install/robotis_manipulator:/home/alecr/HRI/install/dynamixel_workbench_toolbox:/home/alecr/HRI/install/dynamixel_sdk:/home/alecr/HRI/install/cmake_modules:/home/alecr/HRI/install/open_manipulator:/home/alecr/HRI/install/open_manipulator_x_controller:/home/alecr/HRI/install/open_manipulator_x_libs:/home/alecr/HRI/install/rbe500-example:/home/alecr/HRI/install/open_manipulator_x_description:/home/alecr/HRI/install/open_manipulator_msgs:/home/alecr/HRI/install/dynamixel_workbench:/home/alecr/HRI/install/dynamixel_sdk_examples:/home/alecr/HRI/install/dynamixel_sdk_custom_interfaces:/home/alecr/ros2_ws/install/open_manipulator:/home/alecr/ros2_ws/install/open_manipulator_x_teleop:/home/alecr/ros2_ws/install/open_manipulator_x_moveit_config:/home/alecr/ros2_ws/install/srdfdom:/home/alecr/ros2_ws/install/rviz_marker_tools:/home/alecr/ros2_ws/install/rosparam_shortcuts:/home/alecr/ros2_ws/install/open_manipulator_x_playground:/home/alecr/ros2_ws/install/open_manipulator_x_gui:/home/alecr/ros2_ws/install/open_manipulator_x_bringup:/home/alecr/ros2_ws/install/open_manipulator_x_description:/home/alecr/ros2_ws/install/moveit_task_constructor_msgs:/home/alecr/ros2_ws/install/moveit_resources_prbt_support:/home/alecr/ros2_ws/install/moveit_resources:/home/alecr/ros2_ws/install/moveit_resources_pr2_description:/home/alecr/ros2_ws/install/moveit_resources_panda_moveit_config:/home/alecr/ros2_ws/install/moveit_resources_panda_description:/home/alecr/ros2_ws/install/moveit_resources_fanuc_moveit_config:/home/alecr/ros2_ws/install/moveit_resources_fanuc_description:/home/alecr/ros2_ws/install/moveit_common:/home/alecr/ros2_ws/install/interfaces:/home/alecr/ros2_ws/install/dynamixel_sdk_examples:/home/alecr/ros2_ws/install/dynamixel_sdk_custom_interfaces:/home/alecr/ros2_ws/install/dynamixel_hardware_interface:/home/alecr/ros2_ws/install/dynamixel_sdk:/home/alecr/ros2_ws/install/dynamixel_interfaces:/home/alecr/HRI/install/rbe500_example_py:/home/alecr/HRI/install/arm_control:/home/alecr/ros2_ws/install/moveit_configs_utils:/home/alecr/ros2_ws/install/mqp_ros:/home/alecr/ros2_ws/install/mqp:/home/alecr/ros2_ws/install/launch_param_builder:/home/alecr/ros2_ws/install/MQP:/home/alecr/ros2_ws/install/HRI:/opt/ros/humble LD_LIBRARY_PATH=/home/alecr/HRI/install/robotis_manipulator/lib:/home/alecr/HRI/install/dynamixel_workbench_toolbox/lib:/home/alecr/HRI/install/dynamixel_sdk/lib:/home/alecr/HRI/install/open_manipulator_x_libs/lib:/home/alecr/HRI/install/open_manipulator_msgs/lib:/home/alecr/HRI/install/dynamixel_sdk_custom_interfaces/lib:/home/alecr/ros2_ws/install/srdfdom/lib:/home/alecr/ros2_ws/install/rviz_marker_tools/lib:/home/alecr/ros2_ws/install/rosparam_shortcuts/lib:/home/alecr/ros2_ws/install/open_manipulator_x_gui/lib:/home/alecr/ros2_ws/install/moveit_task_constructor_msgs/lib:/home/alecr/ros2_ws/install/interfaces/lib:/home/alecr/ros2_ws/install/dynamixel_sdk_custom_interfaces/lib:/home/alecr/ros2_ws/install/dynamixel_hardware_interface/lib:/home/alecr/ros2_ws/install/dynamixel_sdk/lib:/home/alecr/ros2_ws/install/dynamixel_interfaces/lib:/opt/ros/humble/opt/rviz_ogre_vendor/lib:/opt/ros/humble/lib/x86_64-linux-gnu:/opt/ros/humble/lib /usr/bin/cmake --install /home/alecr/HRI/build/open_manipulator_x_libs
[0.744s] Level 1:colcon.colcon_core.environment:create_environment_scripts_only(open_manipulator_x_libs)
[0.745s] Level 1:colcon.colcon_core.environment:checking '/home/alecr/HRI/install/open_manipulator_x_libs' for CMake module files
[0.745s] DEBUG:colcon.colcon_core.event_handler.log_command:Invoked command in '/home/alecr/HRI/build/open_manipulator_x_libs' returned '0': CMAKE_PREFIX_PATH=/home/alecr/HRI/install/robotis_manipulator:/home/alecr/HRI/install/dynamixel_workbench_toolbox:/home/alecr/HRI/install/dynamixel_sdk:/home/alecr/HRI/install/cmake_modules:/home/alecr/HRI/install/open_manipulator:/home/alecr/HRI/install/open_manipulator_x_controller:/home/alecr/HRI/install/open_manipulator_x_libs:/home/alecr/HRI/install/rbe500-example:/home/alecr/HRI/install/open_manipulator_x_description:/home/alecr/HRI/install/open_manipulator_msgs:/home/alecr/HRI/install/dynamixel_workbench:/home/alecr/HRI/install/dynamixel_sdk_examples:/home/alecr/HRI/install/dynamixel_sdk_custom_interfaces:/home/alecr/ros2_ws/install/open_manipulator:/home/alecr/ros2_ws/install/open_manipulator_x_teleop:/home/alecr/ros2_ws/install/open_manipulator_x_moveit_config:/home/alecr/ros2_ws/install/srdfdom:/home/alecr/ros2_ws/install/rviz_marker_tools:/home/alecr/ros2_ws/install/rosparam_shortcuts:/home/alecr/ros2_ws/install/open_manipulator_x_playground:/home/alecr/ros2_ws/install/open_manipulator_x_gui:/home/alecr/ros2_ws/install/open_manipulator_x_bringup:/home/alecr/ros2_ws/install/open_manipulator_x_description:/home/alecr/ros2_ws/install/moveit_task_constructor_msgs:/home/alecr/ros2_ws/install/moveit_resources_prbt_support:/home/alecr/ros2_ws/install/moveit_resources:/home/alecr/ros2_ws/install/moveit_resources_pr2_description:/home/alecr/ros2_ws/install/moveit_resources_panda_moveit_config:/home/alecr/ros2_ws/install/moveit_resources_panda_description:/home/alecr/ros2_ws/install/moveit_resources_fanuc_moveit_config:/home/alecr/ros2_ws/install/moveit_resources_fanuc_description:/home/alecr/ros2_ws/install/moveit_common:/home/alecr/ros2_ws/install/interfaces:/home/alecr/ros2_ws/install/dynamixel_sdk_examples:/home/alecr/ros2_ws/install/dynamixel_sdk_custom_interfaces:/home/alecr/ros2_ws/install/dynamixel_hardware_interface:/home/alecr/ros2_ws/install/dynamixel_sdk:/home/alecr/ros2_ws/install/dynamixel_interfaces:/home/alecr/HRI/install/rbe500_example_py:/home/alecr/HRI/install/arm_control:/home/alecr/ros2_ws/install/moveit_configs_utils:/home/alecr/ros2_ws/install/mqp_ros:/home/alecr/ros2_ws/install/mqp:/home/alecr/ros2_ws/install/launch_param_builder:/home/alecr/ros2_ws/install/MQP:/home/alecr/ros2_ws/install/HRI:/opt/ros/humble LD_LIBRARY_PATH=/home/alecr/HRI/install/robotis_manipulator/lib:/home/alecr/HRI/install/dynamixel_workbench_toolbox/lib:/home/alecr/HRI/install/dynamixel_sdk/lib:/home/alecr/HRI/install/open_manipulator_x_libs/lib:/home/alecr/HRI/install/open_manipulator_msgs/lib:/home/alecr/HRI/install/dynamixel_sdk_custom_interfaces/lib:/home/alecr/ros2_ws/install/srdfdom/lib:/home/alecr/ros2_ws/install/rviz_marker_tools/lib:/home/alecr/ros2_ws/install/rosparam_shortcuts/lib:/home/alecr/ros2_ws/install/open_manipulator_x_gui/lib:/home/alecr/ros2_ws/install/moveit_task_constructor_msgs/lib:/home/alecr/ros2_ws/install/interfaces/lib:/home/alecr/ros2_ws/install/dynamixel_sdk_custom_interfaces/lib:/home/alecr/ros2_ws/install/dynamixel_hardware_interface/lib:/home/alecr/ros2_ws/install/dynamixel_sdk/lib:/home/alecr/ros2_ws/install/dynamixel_interfaces/lib:/opt/ros/humble/opt/rviz_ogre_vendor/lib:/opt/ros/humble/lib/x86_64-linux-gnu:/opt/ros/humble/lib /usr/bin/cmake --install /home/alecr/HRI/build/open_manipulator_x_libs
[0.746s] Level 1:colcon.colcon_core.environment:checking '/home/alecr/HRI/install/open_manipulator_x_libs' for CMake config files
[0.746s] Level 1:colcon.colcon_core.shell:create_environment_hook('open_manipulator_x_libs', 'cmake_prefix_path')
[0.746s] INFO:colcon.colcon_core.shell:Creating environment hook '/home/alecr/HRI/install/open_manipulator_x_libs/share/open_manipulator_x_libs/hook/cmake_prefix_path.ps1'
[0.747s] INFO:colcon.colcon_core.shell:Creating environment descriptor '/home/alecr/HRI/install/open_manipulator_x_libs/share/open_manipulator_x_libs/hook/cmake_prefix_path.dsv'
[0.747s] INFO:colcon.colcon_core.shell:Creating environment hook '/home/alecr/HRI/install/open_manipulator_x_libs/share/open_manipulator_x_libs/hook/cmake_prefix_path.sh'
[0.748s] Level 1:colcon.colcon_core.environment:checking '/home/alecr/HRI/install/open_manipulator_x_libs/lib'
[0.748s] Level 1:colcon.colcon_core.shell:create_environment_hook('open_manipulator_x_libs', 'ld_library_path_lib')
[0.748s] INFO:colcon.colcon_core.shell:Creating environment hook '/home/alecr/HRI/install/open_manipulator_x_libs/share/open_manipulator_x_libs/hook/ld_library_path_lib.ps1'
[0.749s] INFO:colcon.colcon_core.shell:Creating environment descriptor '/home/alecr/HRI/install/open_manipulator_x_libs/share/open_manipulator_x_libs/hook/ld_library_path_lib.dsv'
[0.749s] INFO:colcon.colcon_core.shell:Creating environment hook '/home/alecr/HRI/install/open_manipulator_x_libs/share/open_manipulator_x_libs/hook/ld_library_path_lib.sh'
[0.749s] Level 1:colcon.colcon_core.environment:checking '/home/alecr/HRI/install/open_manipulator_x_libs/bin'
[0.749s] Level 1:colcon.colcon_core.environment:checking '/home/alecr/HRI/install/open_manipulator_x_libs/lib/pkgconfig/open_manipulator_x_libs.pc'
[0.749s] Level 1:colcon.colcon_core.environment:checking '/home/alecr/HRI/install/open_manipulator_x_libs/lib/python3.10/site-packages'
[0.749s] Level 1:colcon.colcon_core.environment:checking '/home/alecr/HRI/install/open_manipulator_x_libs/bin'
[0.750s] INFO:colcon.colcon_core.shell:Creating package script '/home/alecr/HRI/install/open_manipulator_x_libs/share/open_manipulator_x_libs/package.ps1'
[0.750s] INFO:colcon.colcon_core.shell:Creating package descriptor '/home/alecr/HRI/install/open_manipulator_x_libs/share/open_manipulator_x_libs/package.dsv'
[0.751s] INFO:colcon.colcon_core.shell:Creating package script '/home/alecr/HRI/install/open_manipulator_x_libs/share/open_manipulator_x_libs/package.sh'
[0.751s] INFO:colcon.colcon_core.shell:Creating package script '/home/alecr/HRI/install/open_manipulator_x_libs/share/open_manipulator_x_libs/package.bash'
[0.751s] INFO:colcon.colcon_core.shell:Creating package script '/home/alecr/HRI/install/open_manipulator_x_libs/share/open_manipulator_x_libs/package.zsh'
[0.752s] Level 1:colcon.colcon_core.environment:create_file_with_runtime_dependencies(/home/alecr/HRI/install/open_manipulator_x_libs/share/colcon-core/packages/open_manipulator_x_libs)
[0.752s] Level 1:colcon.colcon_core.environment:create_environment_scripts_only(open_manipulator_x_libs)
[0.752s] Level 1:colcon.colcon_core.environment:checking '/home/alecr/HRI/install/open_manipulator_x_libs' for CMake module files
[0.752s] Level 1:colcon.colcon_core.environment:checking '/home/alecr/HRI/install/open_manipulator_x_libs' for CMake config files
[0.752s] Level 1:colcon.colcon_core.shell:create_environment_hook('open_manipulator_x_libs', 'cmake_prefix_path')
[0.752s] INFO:colcon.colcon_core.shell:Creating environment hook '/home/alecr/HRI/install/open_manipulator_x_libs/share/open_manipulator_x_libs/hook/cmake_prefix_path.ps1'
[0.753s] INFO:colcon.colcon_core.shell:Creating environment descriptor '/home/alecr/HRI/install/open_manipulator_x_libs/share/open_manipulator_x_libs/hook/cmake_prefix_path.dsv'
[0.753s] INFO:colcon.colcon_core.shell:Creating environment hook '/home/alecr/HRI/install/open_manipulator_x_libs/share/open_manipulator_x_libs/hook/cmake_prefix_path.sh'
[0.753s] Level 1:colcon.colcon_core.environment:checking '/home/alecr/HRI/install/open_manipulator_x_libs/lib'
[0.753s] Level 1:colcon.colcon_core.shell:create_environment_hook('open_manipulator_x_libs', 'ld_library_path_lib')
[0.753s] INFO:colcon.colcon_core.shell:Creating environment hook '/home/alecr/HRI/install/open_manipulator_x_libs/share/open_manipulator_x_libs/hook/ld_library_path_lib.ps1'
[0.754s] INFO:colcon.colcon_core.shell:Creating environment descriptor '/home/alecr/HRI/install/open_manipulator_x_libs/share/open_manipulator_x_libs/hook/ld_library_path_lib.dsv'
[0.754s] INFO:colcon.colcon_core.shell:Creating environment hook '/home/alecr/HRI/install/open_manipulator_x_libs/share/open_manipulator_x_libs/hook/ld_library_path_lib.sh'
[0.754s] Level 1:colcon.colcon_core.environment:checking '/home/alecr/HRI/install/open_manipulator_x_libs/bin'
[0.754s] Level 1:colcon.colcon_core.environment:checking '/home/alecr/HRI/install/open_manipulator_x_libs/lib/pkgconfig/open_manipulator_x_libs.pc'
[0.754s] Level 1:colcon.colcon_core.environment:checking '/home/alecr/HRI/install/open_manipulator_x_libs/lib/python3.10/site-packages'
[0.754s] Level 1:colcon.colcon_core.environment:checking '/home/alecr/HRI/install/open_manipulator_x_libs/bin'
[0.755s] INFO:colcon.colcon_core.shell:Creating package script '/home/alecr/HRI/install/open_manipulator_x_libs/share/open_manipulator_x_libs/package.ps1'
[0.755s] INFO:colcon.colcon_core.shell:Creating package descriptor '/home/alecr/HRI/install/open_manipulator_x_libs/share/open_manipulator_x_libs/package.dsv'
[0.755s] INFO:colcon.colcon_core.shell:Creating package script '/home/alecr/HRI/install/open_manipulator_x_libs/share/open_manipulator_x_libs/package.sh'
[0.756s] INFO:colcon.colcon_core.shell:Creating package script '/home/alecr/HRI/install/open_manipulator_x_libs/share/open_manipulator_x_libs/package.bash'
[0.756s] INFO:colcon.colcon_core.shell:Creating package script '/home/alecr/HRI/install/open_manipulator_x_libs/share/open_manipulator_x_libs/package.zsh'
[0.756s] Level 1:colcon.colcon_core.environment:create_file_with_runtime_dependencies(/home/alecr/HRI/install/open_manipulator_x_libs/share/colcon-core/packages/open_manipulator_x_libs)
[0.757s] INFO:colcon.colcon_ros.task.ament_cmake.build:Building ROS package in '/home/alecr/HRI/src/open_manipulator/open_manipulator_x_controller' with build type 'ament_cmake'
[0.757s] INFO:colcon.colcon_cmake.task.cmake.build:Building CMake package in '/home/alecr/HRI/src/open_manipulator/open_manipulator_x_controller'
[0.757s] INFO:colcon.colcon_core.shell:Skip shell extension 'powershell' for command environment: Not usable outside of PowerShell
[0.757s] DEBUG:colcon.colcon_core.shell:Skip shell extension 'dsv' for command environment
[0.763s] DEBUG:colcon.colcon_core.event_handler.log_command:Invoking command in '/home/alecr/HRI/src/arm_control': PYTHONPATH=/home/alecr/HRI/build/arm_control/prefix_override:/usr/lib/python3/dist-packages/colcon_core/task/python/colcon_distutils_commands:/home/alecr/HRI/install/arm_control/lib/python3.10/site-packages:${PYTHONPATH} /usr/bin/python3 -W ignore:setup.py install is deprecated -W ignore:easy_install command is deprecated setup.py egg_info --egg-base ../../build/arm_control build --build-base /home/alecr/HRI/build/arm_control/build install --record /home/alecr/HRI/build/arm_control/install.log --single-version-externally-managed install_data
[0.781s] DEBUG:colcon.colcon_core.event_handler.log_command:Invoking command in '/home/alecr/HRI/build/open_manipulator_x_controller': CMAKE_PREFIX_PATH=/home/alecr/HRI/install/open_manipulator_x_libs:/home/alecr/HRI/install/robotis_manipulator:/home/alecr/HRI/install/dynamixel_workbench_toolbox:/home/alecr/HRI/install/open_manipulator_msgs:/home/alecr/HRI/install/dynamixel_sdk:/home/alecr/HRI/install/cmake_modules:/home/alecr/HRI/install/open_manipulator:/home/alecr/HRI/install/open_manipulator_x_controller:/home/alecr/HRI/install/rbe500-example:/home/alecr/HRI/install/open_manipulator_x_description:/home/alecr/HRI/install/dynamixel_workbench:/home/alecr/HRI/install/dynamixel_sdk_examples:/home/alecr/HRI/install/dynamixel_sdk_custom_interfaces:/home/alecr/ros2_ws/install/open_manipulator:/home/alecr/ros2_ws/install/open_manipulator_x_teleop:/home/alecr/ros2_ws/install/open_manipulator_x_moveit_config:/home/alecr/ros2_ws/install/srdfdom:/home/alecr/ros2_ws/install/rviz_marker_tools:/home/alecr/ros2_ws/install/rosparam_shortcuts:/home/alecr/ros2_ws/install/open_manipulator_x_playground:/home/alecr/ros2_ws/install/open_manipulator_x_gui:/home/alecr/ros2_ws/install/open_manipulator_x_bringup:/home/alecr/ros2_ws/install/open_manipulator_x_description:/home/alecr/ros2_ws/install/moveit_task_constructor_msgs:/home/alecr/ros2_ws/install/moveit_resources_prbt_support:/home/alecr/ros2_ws/install/moveit_resources:/home/alecr/ros2_ws/install/moveit_resources_pr2_description:/home/alecr/ros2_ws/install/moveit_resources_panda_moveit_config:/home/alecr/ros2_ws/install/moveit_resources_panda_description:/home/alecr/ros2_ws/install/moveit_resources_fanuc_moveit_config:/home/alecr/ros2_ws/install/moveit_resources_fanuc_description:/home/alecr/ros2_ws/install/moveit_common:/home/alecr/ros2_ws/install/interfaces:/home/alecr/ros2_ws/install/dynamixel_sdk_examples:/home/alecr/ros2_ws/install/dynamixel_sdk_custom_interfaces:/home/alecr/ros2_ws/install/dynamixel_hardware_interface:/home/alecr/ros2_ws/install/dynamixel_sdk:/home/alecr/ros2_ws/install/dynamixel_interfaces:/home/alecr/HRI/install/rbe500_example_py:/home/alecr/HRI/install/arm_control:/home/alecr/ros2_ws/install/moveit_configs_utils:/home/alecr/ros2_ws/install/mqp_ros:/home/alecr/ros2_ws/install/mqp:/home/alecr/ros2_ws/install/launch_param_builder:/home/alecr/ros2_ws/install/MQP:/home/alecr/ros2_ws/install/HRI:/opt/ros/humble LD_LIBRARY_PATH=/home/alecr/HRI/install/open_manipulator_x_libs/lib:/home/alecr/HRI/install/robotis_manipulator/lib:/home/alecr/HRI/install/dynamixel_workbench_toolbox/lib:/home/alecr/HRI/install/open_manipulator_msgs/lib:/home/alecr/HRI/install/dynamixel_sdk/lib:/home/alecr/HRI/install/dynamixel_sdk_custom_interfaces/lib:/home/alecr/ros2_ws/install/srdfdom/lib:/home/alecr/ros2_ws/install/rviz_marker_tools/lib:/home/alecr/ros2_ws/install/rosparam_shortcuts/lib:/home/alecr/ros2_ws/install/open_manipulator_x_gui/lib:/home/alecr/ros2_ws/install/moveit_task_constructor_msgs/lib:/home/alecr/ros2_ws/install/interfaces/lib:/home/alecr/ros2_ws/install/dynamixel_sdk_custom_interfaces/lib:/home/alecr/ros2_ws/install/dynamixel_hardware_interface/lib:/home/alecr/ros2_ws/install/dynamixel_sdk/lib:/home/alecr/ros2_ws/install/dynamixel_interfaces/lib:/opt/ros/humble/opt/rviz_ogre_vendor/lib:/opt/ros/humble/lib/x86_64-linux-gnu:/opt/ros/humble/lib /usr/bin/cmake --build /home/alecr/HRI/build/open_manipulator_x_controller -- -j16 -l16
[0.842s] DEBUG:colcon.colcon_core.event_handler.log_command:Invoked command in '/home/alecr/HRI/build/open_manipulator_x_controller' returned '0': CMAKE_PREFIX_PATH=/home/alecr/HRI/install/open_manipulator_x_libs:/home/alecr/HRI/install/robotis_manipulator:/home/alecr/HRI/install/dynamixel_workbench_toolbox:/home/alecr/HRI/install/open_manipulator_msgs:/home/alecr/HRI/install/dynamixel_sdk:/home/alecr/HRI/install/cmake_modules:/home/alecr/HRI/install/open_manipulator:/home/alecr/HRI/install/open_manipulator_x_controller:/home/alecr/HRI/install/rbe500-example:/home/alecr/HRI/install/open_manipulator_x_description:/home/alecr/HRI/install/dynamixel_workbench:/home/alecr/HRI/install/dynamixel_sdk_examples:/home/alecr/HRI/install/dynamixel_sdk_custom_interfaces:/home/alecr/ros2_ws/install/open_manipulator:/home/alecr/ros2_ws/install/open_manipulator_x_teleop:/home/alecr/ros2_ws/install/open_manipulator_x_moveit_config:/home/alecr/ros2_ws/install/srdfdom:/home/alecr/ros2_ws/install/rviz_marker_tools:/home/alecr/ros2_ws/install/rosparam_shortcuts:/home/alecr/ros2_ws/install/open_manipulator_x_playground:/home/alecr/ros2_ws/install/open_manipulator_x_gui:/home/alecr/ros2_ws/install/open_manipulator_x_bringup:/home/alecr/ros2_ws/install/open_manipulator_x_description:/home/alecr/ros2_ws/install/moveit_task_constructor_msgs:/home/alecr/ros2_ws/install/moveit_resources_prbt_support:/home/alecr/ros2_ws/install/moveit_resources:/home/alecr/ros2_ws/install/moveit_resources_pr2_description:/home/alecr/ros2_ws/install/moveit_resources_panda_moveit_config:/home/alecr/ros2_ws/install/moveit_resources_panda_description:/home/alecr/ros2_ws/install/moveit_resources_fanuc_moveit_config:/home/alecr/ros2_ws/install/moveit_resources_fanuc_description:/home/alecr/ros2_ws/install/moveit_common:/home/alecr/ros2_ws/install/interfaces:/home/alecr/ros2_ws/install/dynamixel_sdk_examples:/home/alecr/ros2_ws/install/dynamixel_sdk_custom_interfaces:/home/alecr/ros2_ws/install/dynamixel_hardware_interface:/home/alecr/ros2_ws/install/dynamixel_sdk:/home/alecr/ros2_ws/install/dynamixel_interfaces:/home/alecr/HRI/install/rbe500_example_py:/home/alecr/HRI/install/arm_control:/home/alecr/ros2_ws/install/moveit_configs_utils:/home/alecr/ros2_ws/install/mqp_ros:/home/alecr/ros2_ws/install/mqp:/home/alecr/ros2_ws/install/launch_param_builder:/home/alecr/ros2_ws/install/MQP:/home/alecr/ros2_ws/install/HRI:/opt/ros/humble LD_LIBRARY_PATH=/home/alecr/HRI/install/open_manipulator_x_libs/lib:/home/alecr/HRI/install/robotis_manipulator/lib:/home/alecr/HRI/install/dynamixel_workbench_toolbox/lib:/home/alecr/HRI/install/open_manipulator_msgs/lib:/home/alecr/HRI/install/dynamixel_sdk/lib:/home/alecr/HRI/install/dynamixel_sdk_custom_interfaces/lib:/home/alecr/ros2_ws/install/srdfdom/lib:/home/alecr/ros2_ws/install/rviz_marker_tools/lib:/home/alecr/ros2_ws/install/rosparam_shortcuts/lib:/home/alecr/ros2_ws/install/open_manipulator_x_gui/lib:/home/alecr/ros2_ws/install/moveit_task_constructor_msgs/lib:/home/alecr/ros2_ws/install/interfaces/lib:/home/alecr/ros2_ws/install/dynamixel_sdk_custom_interfaces/lib:/home/alecr/ros2_ws/install/dynamixel_hardware_interface/lib:/home/alecr/ros2_ws/install/dynamixel_sdk/lib:/home/alecr/ros2_ws/install/dynamixel_interfaces/lib:/opt/ros/humble/opt/rviz_ogre_vendor/lib:/opt/ros/humble/lib/x86_64-linux-gnu:/opt/ros/humble/lib /usr/bin/cmake --build /home/alecr/HRI/build/open_manipulator_x_controller -- -j16 -l16
[0.844s] DEBUG:colcon.colcon_core.event_handler.log_command:Invoking command in '/home/alecr/HRI/build/open_manipulator_x_controller': CMAKE_PREFIX_PATH=/home/alecr/HRI/install/open_manipulator_x_libs:/home/alecr/HRI/install/robotis_manipulator:/home/alecr/HRI/install/dynamixel_workbench_toolbox:/home/alecr/HRI/install/open_manipulator_msgs:/home/alecr/HRI/install/dynamixel_sdk:/home/alecr/HRI/install/cmake_modules:/home/alecr/HRI/install/open_manipulator:/home/alecr/HRI/install/open_manipulator_x_controller:/home/alecr/HRI/install/rbe500-example:/home/alecr/HRI/install/open_manipulator_x_description:/home/alecr/HRI/install/dynamixel_workbench:/home/alecr/HRI/install/dynamixel_sdk_examples:/home/alecr/HRI/install/dynamixel_sdk_custom_interfaces:/home/alecr/ros2_ws/install/open_manipulator:/home/alecr/ros2_ws/install/open_manipulator_x_teleop:/home/alecr/ros2_ws/install/open_manipulator_x_moveit_config:/home/alecr/ros2_ws/install/srdfdom:/home/alecr/ros2_ws/install/rviz_marker_tools:/home/alecr/ros2_ws/install/rosparam_shortcuts:/home/alecr/ros2_ws/install/open_manipulator_x_playground:/home/alecr/ros2_ws/install/open_manipulator_x_gui:/home/alecr/ros2_ws/install/open_manipulator_x_bringup:/home/alecr/ros2_ws/install/open_manipulator_x_description:/home/alecr/ros2_ws/install/moveit_task_constructor_msgs:/home/alecr/ros2_ws/install/moveit_resources_prbt_support:/home/alecr/ros2_ws/install/moveit_resources:/home/alecr/ros2_ws/install/moveit_resources_pr2_description:/home/alecr/ros2_ws/install/moveit_resources_panda_moveit_config:/home/alecr/ros2_ws/install/moveit_resources_panda_description:/home/alecr/ros2_ws/install/moveit_resources_fanuc_moveit_config:/home/alecr/ros2_ws/install/moveit_resources_fanuc_description:/home/alecr/ros2_ws/install/moveit_common:/home/alecr/ros2_ws/install/interfaces:/home/alecr/ros2_ws/install/dynamixel_sdk_examples:/home/alecr/ros2_ws/install/dynamixel_sdk_custom_interfaces:/home/alecr/ros2_ws/install/dynamixel_hardware_interface:/home/alecr/ros2_ws/install/dynamixel_sdk:/home/alecr/ros2_ws/install/dynamixel_interfaces:/home/alecr/HRI/install/rbe500_example_py:/home/alecr/HRI/install/arm_control:/home/alecr/ros2_ws/install/moveit_configs_utils:/home/alecr/ros2_ws/install/mqp_ros:/home/alecr/ros2_ws/install/mqp:/home/alecr/ros2_ws/install/launch_param_builder:/home/alecr/ros2_ws/install/MQP:/home/alecr/ros2_ws/install/HRI:/opt/ros/humble LD_LIBRARY_PATH=/home/alecr/HRI/install/open_manipulator_x_libs/lib:/home/alecr/HRI/install/robotis_manipulator/lib:/home/alecr/HRI/install/dynamixel_workbench_toolbox/lib:/home/alecr/HRI/install/open_manipulator_msgs/lib:/home/alecr/HRI/install/dynamixel_sdk/lib:/home/alecr/HRI/install/dynamixel_sdk_custom_interfaces/lib:/home/alecr/ros2_ws/install/srdfdom/lib:/home/alecr/ros2_ws/install/rviz_marker_tools/lib:/home/alecr/ros2_ws/install/rosparam_shortcuts/lib:/home/alecr/ros2_ws/install/open_manipulator_x_gui/lib:/home/alecr/ros2_ws/install/moveit_task_constructor_msgs/lib:/home/alecr/ros2_ws/install/interfaces/lib:/home/alecr/ros2_ws/install/dynamixel_sdk_custom_interfaces/lib:/home/alecr/ros2_ws/install/dynamixel_hardware_interface/lib:/home/alecr/ros2_ws/install/dynamixel_sdk/lib:/home/alecr/ros2_ws/install/dynamixel_interfaces/lib:/opt/ros/humble/opt/rviz_ogre_vendor/lib:/opt/ros/humble/lib/x86_64-linux-gnu:/opt/ros/humble/lib /usr/bin/cmake --install /home/alecr/HRI/build/open_manipulator_x_controller
[0.851s] Level 1:colcon.colcon_core.environment:create_environment_scripts_only(open_manipulator_x_controller)
[0.851s] Level 1:colcon.colcon_core.environment:checking '/home/alecr/HRI/install/open_manipulator_x_controller' for CMake module files
[0.851s] DEBUG:colcon.colcon_core.event_handler.log_command:Invoked command in '/home/alecr/HRI/build/open_manipulator_x_controller' returned '0': CMAKE_PREFIX_PATH=/home/alecr/HRI/install/open_manipulator_x_libs:/home/alecr/HRI/install/robotis_manipulator:/home/alecr/HRI/install/dynamixel_workbench_toolbox:/home/alecr/HRI/install/open_manipulator_msgs:/home/alecr/HRI/install/dynamixel_sdk:/home/alecr/HRI/install/cmake_modules:/home/alecr/HRI/install/open_manipulator:/home/alecr/HRI/install/open_manipulator_x_controller:/home/alecr/HRI/install/rbe500-example:/home/alecr/HRI/install/open_manipulator_x_description:/home/alecr/HRI/install/dynamixel_workbench:/home/alecr/HRI/install/dynamixel_sdk_examples:/home/alecr/HRI/install/dynamixel_sdk_custom_interfaces:/home/alecr/ros2_ws/install/open_manipulator:/home/alecr/ros2_ws/install/open_manipulator_x_teleop:/home/alecr/ros2_ws/install/open_manipulator_x_moveit_config:/home/alecr/ros2_ws/install/srdfdom:/home/alecr/ros2_ws/install/rviz_marker_tools:/home/alecr/ros2_ws/install/rosparam_shortcuts:/home/alecr/ros2_ws/install/open_manipulator_x_playground:/home/alecr/ros2_ws/install/open_manipulator_x_gui:/home/alecr/ros2_ws/install/open_manipulator_x_bringup:/home/alecr/ros2_ws/install/open_manipulator_x_description:/home/alecr/ros2_ws/install/moveit_task_constructor_msgs:/home/alecr/ros2_ws/install/moveit_resources_prbt_support:/home/alecr/ros2_ws/install/moveit_resources:/home/alecr/ros2_ws/install/moveit_resources_pr2_description:/home/alecr/ros2_ws/install/moveit_resources_panda_moveit_config:/home/alecr/ros2_ws/install/moveit_resources_panda_description:/home/alecr/ros2_ws/install/moveit_resources_fanuc_moveit_config:/home/alecr/ros2_ws/install/moveit_resources_fanuc_description:/home/alecr/ros2_ws/install/moveit_common:/home/alecr/ros2_ws/install/interfaces:/home/alecr/ros2_ws/install/dynamixel_sdk_examples:/home/alecr/ros2_ws/install/dynamixel_sdk_custom_interfaces:/home/alecr/ros2_ws/install/dynamixel_hardware_interface:/home/alecr/ros2_ws/install/dynamixel_sdk:/home/alecr/ros2_ws/install/dynamixel_interfaces:/home/alecr/HRI/install/rbe500_example_py:/home/alecr/HRI/install/arm_control:/home/alecr/ros2_ws/install/moveit_configs_utils:/home/alecr/ros2_ws/install/mqp_ros:/home/alecr/ros2_ws/install/mqp:/home/alecr/ros2_ws/install/launch_param_builder:/home/alecr/ros2_ws/install/MQP:/home/alecr/ros2_ws/install/HRI:/opt/ros/humble LD_LIBRARY_PATH=/home/alecr/HRI/install/open_manipulator_x_libs/lib:/home/alecr/HRI/install/robotis_manipulator/lib:/home/alecr/HRI/install/dynamixel_workbench_toolbox/lib:/home/alecr/HRI/install/open_manipulator_msgs/lib:/home/alecr/HRI/install/dynamixel_sdk/lib:/home/alecr/HRI/install/dynamixel_sdk_custom_interfaces/lib:/home/alecr/ros2_ws/install/srdfdom/lib:/home/alecr/ros2_ws/install/rviz_marker_tools/lib:/home/alecr/ros2_ws/install/rosparam_shortcuts/lib:/home/alecr/ros2_ws/install/open_manipulator_x_gui/lib:/home/alecr/ros2_ws/install/moveit_task_constructor_msgs/lib:/home/alecr/ros2_ws/install/interfaces/lib:/home/alecr/ros2_ws/install/dynamixel_sdk_custom_interfaces/lib:/home/alecr/ros2_ws/install/dynamixel_hardware_interface/lib:/home/alecr/ros2_ws/install/dynamixel_sdk/lib:/home/alecr/ros2_ws/install/dynamixel_interfaces/lib:/opt/ros/humble/opt/rviz_ogre_vendor/lib:/opt/ros/humble/lib/x86_64-linux-gnu:/opt/ros/humble/lib /usr/bin/cmake --install /home/alecr/HRI/build/open_manipulator_x_controller
[0.851s] Level 1:colcon.colcon_core.environment:checking '/home/alecr/HRI/install/open_manipulator_x_controller' for CMake config files
[0.851s] Level 1:colcon.colcon_core.shell:create_environment_hook('open_manipulator_x_controller', 'cmake_prefix_path')
[0.852s] INFO:colcon.colcon_core.shell:Creating environment hook '/home/alecr/HRI/install/open_manipulator_x_controller/share/open_manipulator_x_controller/hook/cmake_prefix_path.ps1'
[0.852s] INFO:colcon.colcon_core.shell:Creating environment descriptor '/home/alecr/HRI/install/open_manipulator_x_controller/share/open_manipulator_x_controller/hook/cmake_prefix_path.dsv'
[0.852s] INFO:colcon.colcon_core.shell:Creating environment hook '/home/alecr/HRI/install/open_manipulator_x_controller/share/open_manipulator_x_controller/hook/cmake_prefix_path.sh'
[0.852s] Level 1:colcon.colcon_core.environment:checking '/home/alecr/HRI/install/open_manipulator_x_controller/lib'
[0.852s] Level 1:colcon.colcon_core.environment:checking '/home/alecr/HRI/install/open_manipulator_x_controller/bin'
[0.853s] Level 1:colcon.colcon_core.environment:checking '/home/alecr/HRI/install/open_manipulator_x_controller/lib/pkgconfig/open_manipulator_x_controller.pc'
[0.853s] Level 1:colcon.colcon_core.environment:checking '/home/alecr/HRI/install/open_manipulator_x_controller/lib/python3.10/site-packages'
[0.853s] Level 1:colcon.colcon_core.environment:checking '/home/alecr/HRI/install/open_manipulator_x_controller/bin'
[0.853s] INFO:colcon.colcon_core.shell:Creating package script '/home/alecr/HRI/install/open_manipulator_x_controller/share/open_manipulator_x_controller/package.ps1'
[0.853s] INFO:colcon.colcon_core.shell:Creating package descriptor '/home/alecr/HRI/install/open_manipulator_x_controller/share/open_manipulator_x_controller/package.dsv'
[0.854s] INFO:colcon.colcon_core.shell:Creating package script '/home/alecr/HRI/install/open_manipulator_x_controller/share/open_manipulator_x_controller/package.sh'
[0.854s] INFO:colcon.colcon_core.shell:Creating package script '/home/alecr/HRI/install/open_manipulator_x_controller/share/open_manipulator_x_controller/package.bash'
[0.854s] INFO:colcon.colcon_core.shell:Creating package script '/home/alecr/HRI/install/open_manipulator_x_controller/share/open_manipulator_x_controller/package.zsh'
[0.854s] Level 1:colcon.colcon_core.environment:create_file_with_runtime_dependencies(/home/alecr/HRI/install/open_manipulator_x_controller/share/colcon-core/packages/open_manipulator_x_controller)
[0.855s] Level 1:colcon.colcon_core.environment:create_environment_scripts_only(open_manipulator_x_controller)
[0.855s] Level 1:colcon.colcon_core.environment:checking '/home/alecr/HRI/install/open_manipulator_x_controller' for CMake module files
[0.855s] Level 1:colcon.colcon_core.environment:checking '/home/alecr/HRI/install/open_manipulator_x_controller' for CMake config files
[0.855s] Level 1:colcon.colcon_core.shell:create_environment_hook('open_manipulator_x_controller', 'cmake_prefix_path')
[0.855s] INFO:colcon.colcon_core.shell:Creating environment hook '/home/alecr/HRI/install/open_manipulator_x_controller/share/open_manipulator_x_controller/hook/cmake_prefix_path.ps1'
[0.855s] INFO:colcon.colcon_core.shell:Creating environment descriptor '/home/alecr/HRI/install/open_manipulator_x_controller/share/open_manipulator_x_controller/hook/cmake_prefix_path.dsv'
[0.856s] INFO:colcon.colcon_core.shell:Creating environment hook '/home/alecr/HRI/install/open_manipulator_x_controller/share/open_manipulator_x_controller/hook/cmake_prefix_path.sh'
[0.856s] Level 1:colcon.colcon_core.environment:checking '/home/alecr/HRI/install/open_manipulator_x_controller/lib'
[0.856s] Level 1:colcon.colcon_core.environment:checking '/home/alecr/HRI/install/open_manipulator_x_controller/bin'
[0.856s] Level 1:colcon.colcon_core.environment:checking '/home/alecr/HRI/install/open_manipulator_x_controller/lib/pkgconfig/open_manipulator_x_controller.pc'
[0.856s] Level 1:colcon.colcon_core.environment:checking '/home/alecr/HRI/install/open_manipulator_x_controller/lib/python3.10/site-packages'
[0.856s] Level 1:colcon.colcon_core.environment:checking '/home/alecr/HRI/install/open_manipulator_x_controller/bin'
[0.857s] INFO:colcon.colcon_core.shell:Creating package script '/home/alecr/HRI/install/open_manipulator_x_controller/share/open_manipulator_x_controller/package.ps1'
[0.857s] INFO:colcon.colcon_core.shell:Creating package descriptor '/home/alecr/HRI/install/open_manipulator_x_controller/share/open_manipulator_x_controller/package.dsv'
[0.857s] INFO:colcon.colcon_core.shell:Creating package script '/home/alecr/HRI/install/open_manipulator_x_controller/share/open_manipulator_x_controller/package.sh'
[0.857s] INFO:colcon.colcon_core.shell:Creating package script '/home/alecr/HRI/install/open_manipulator_x_controller/share/open_manipulator_x_controller/package.bash'
[0.858s] INFO:colcon.colcon_core.shell:Creating package script '/home/alecr/HRI/install/open_manipulator_x_controller/share/open_manipulator_x_controller/package.zsh'
[0.858s] Level 1:colcon.colcon_core.environment:create_file_with_runtime_dependencies(/home/alecr/HRI/install/open_manipulator_x_controller/share/colcon-core/packages/open_manipulator_x_controller)
[0.858s] INFO:colcon.colcon_ros.task.ament_cmake.build:Building ROS package in '/home/alecr/HRI/src/open_manipulator/open_manipulator' with build type 'ament_cmake'
[0.858s] INFO:colcon.colcon_cmake.task.cmake.build:Building CMake package in '/home/alecr/HRI/src/open_manipulator/open_manipulator'
[0.858s] INFO:colcon.colcon_core.shell:Skip shell extension 'powershell' for command environment: Not usable outside of PowerShell
[0.858s] DEBUG:colcon.colcon_core.shell:Skip shell extension 'dsv' for command environment
[0.880s] DEBUG:colcon.colcon_core.event_handler.log_command:Invoking command in '/home/alecr/HRI/build/open_manipulator': CMAKE_PREFIX_PATH=/home/alecr/HRI/install/open_manipulator_x_controller:/home/alecr/HRI/install/open_manipulator_x_libs:/home/alecr/HRI/install/robotis_manipulator:/home/alecr/HRI/install/dynamixel_workbench_toolbox:/home/alecr/HRI/install/open_manipulator_x_description:/home/alecr/HRI/install/open_manipulator_msgs:/home/alecr/HRI/install/dynamixel_sdk:/home/alecr/HRI/install/cmake_modules:/home/alecr/HRI/install/open_manipulator:/home/alecr/HRI/install/rbe500-example:/home/alecr/HRI/install/dynamixel_workbench:/home/alecr/HRI/install/dynamixel_sdk_examples:/home/alecr/HRI/install/dynamixel_sdk_custom_interfaces:/home/alecr/ros2_ws/install/open_manipulator:/home/alecr/ros2_ws/install/open_manipulator_x_teleop:/home/alecr/ros2_ws/install/open_manipulator_x_moveit_config:/home/alecr/ros2_ws/install/srdfdom:/home/alecr/ros2_ws/install/rviz_marker_tools:/home/alecr/ros2_ws/install/rosparam_shortcuts:/home/alecr/ros2_ws/install/open_manipulator_x_playground:/home/alecr/ros2_ws/install/open_manipulator_x_gui:/home/alecr/ros2_ws/install/open_manipulator_x_bringup:/home/alecr/ros2_ws/install/open_manipulator_x_description:/home/alecr/ros2_ws/install/moveit_task_constructor_msgs:/home/alecr/ros2_ws/install/moveit_resources_prbt_support:/home/alecr/ros2_ws/install/moveit_resources:/home/alecr/ros2_ws/install/moveit_resources_pr2_description:/home/alecr/ros2_ws/install/moveit_resources_panda_moveit_config:/home/alecr/ros2_ws/install/moveit_resources_panda_description:/home/alecr/ros2_ws/install/moveit_resources_fanuc_moveit_config:/home/alecr/ros2_ws/install/moveit_resources_fanuc_description:/home/alecr/ros2_ws/install/moveit_common:/home/alecr/ros2_ws/install/interfaces:/home/alecr/ros2_ws/install/dynamixel_sdk_examples:/home/alecr/ros2_ws/install/dynamixel_sdk_custom_interfaces:/home/alecr/ros2_ws/install/dynamixel_hardware_interface:/home/alecr/ros2_ws/install/dynamixel_sdk:/home/alecr/ros2_ws/install/dynamixel_interfaces:/home/alecr/HRI/install/rbe500_example_py:/home/alecr/HRI/install/arm_control:/home/alecr/ros2_ws/install/moveit_configs_utils:/home/alecr/ros2_ws/install/mqp_ros:/home/alecr/ros2_ws/install/mqp:/home/alecr/ros2_ws/install/launch_param_builder:/home/alecr/ros2_ws/install/MQP:/home/alecr/ros2_ws/install/HRI:/opt/ros/humble LD_LIBRARY_PATH=/home/alecr/HRI/install/open_manipulator_x_libs/lib:/home/alecr/HRI/install/robotis_manipulator/lib:/home/alecr/HRI/install/dynamixel_workbench_toolbox/lib:/home/alecr/HRI/install/open_manipulator_msgs/lib:/home/alecr/HRI/install/dynamixel_sdk/lib:/home/alecr/HRI/install/dynamixel_sdk_custom_interfaces/lib:/home/alecr/ros2_ws/install/srdfdom/lib:/home/alecr/ros2_ws/install/rviz_marker_tools/lib:/home/alecr/ros2_ws/install/rosparam_shortcuts/lib:/home/alecr/ros2_ws/install/open_manipulator_x_gui/lib:/home/alecr/ros2_ws/install/moveit_task_constructor_msgs/lib:/home/alecr/ros2_ws/install/interfaces/lib:/home/alecr/ros2_ws/install/dynamixel_sdk_custom_interfaces/lib:/home/alecr/ros2_ws/install/dynamixel_hardware_interface/lib:/home/alecr/ros2_ws/install/dynamixel_sdk/lib:/home/alecr/ros2_ws/install/dynamixel_interfaces/lib:/opt/ros/humble/opt/rviz_ogre_vendor/lib:/opt/ros/humble/lib/x86_64-linux-gnu:/opt/ros/humble/lib /usr/bin/cmake --build /home/alecr/HRI/build/open_manipulator -- -j16 -l16
[0.910s] DEBUG:colcon.colcon_core.event_handler.log_command:Invoked command in '/home/alecr/HRI/build/open_manipulator' returned '0': CMAKE_PREFIX_PATH=/home/alecr/HRI/install/open_manipulator_x_controller:/home/alecr/HRI/install/open_manipulator_x_libs:/home/alecr/HRI/install/robotis_manipulator:/home/alecr/HRI/install/dynamixel_workbench_toolbox:/home/alecr/HRI/install/open_manipulator_x_description:/home/alecr/HRI/install/open_manipulator_msgs:/home/alecr/HRI/install/dynamixel_sdk:/home/alecr/HRI/install/cmake_modules:/home/alecr/HRI/install/open_manipulator:/home/alecr/HRI/install/rbe500-example:/home/alecr/HRI/install/dynamixel_workbench:/home/alecr/HRI/install/dynamixel_sdk_examples:/home/alecr/HRI/install/dynamixel_sdk_custom_interfaces:/home/alecr/ros2_ws/install/open_manipulator:/home/alecr/ros2_ws/install/open_manipulator_x_teleop:/home/alecr/ros2_ws/install/open_manipulator_x_moveit_config:/home/alecr/ros2_ws/install/srdfdom:/home/alecr/ros2_ws/install/rviz_marker_tools:/home/alecr/ros2_ws/install/rosparam_shortcuts:/home/alecr/ros2_ws/install/open_manipulator_x_playground:/home/alecr/ros2_ws/install/open_manipulator_x_gui:/home/alecr/ros2_ws/install/open_manipulator_x_bringup:/home/alecr/ros2_ws/install/open_manipulator_x_description:/home/alecr/ros2_ws/install/moveit_task_constructor_msgs:/home/alecr/ros2_ws/install/moveit_resources_prbt_support:/home/alecr/ros2_ws/install/moveit_resources:/home/alecr/ros2_ws/install/moveit_resources_pr2_description:/home/alecr/ros2_ws/install/moveit_resources_panda_moveit_config:/home/alecr/ros2_ws/install/moveit_resources_panda_description:/home/alecr/ros2_ws/install/moveit_resources_fanuc_moveit_config:/home/alecr/ros2_ws/install/moveit_resources_fanuc_description:/home/alecr/ros2_ws/install/moveit_common:/home/alecr/ros2_ws/install/interfaces:/home/alecr/ros2_ws/install/dynamixel_sdk_examples:/home/alecr/ros2_ws/install/dynamixel_sdk_custom_interfaces:/home/alecr/ros2_ws/install/dynamixel_hardware_interface:/home/alecr/ros2_ws/install/dynamixel_sdk:/home/alecr/ros2_ws/install/dynamixel_interfaces:/home/alecr/HRI/install/rbe500_example_py:/home/alecr/HRI/install/arm_control:/home/alecr/ros2_ws/install/moveit_configs_utils:/home/alecr/ros2_ws/install/mqp_ros:/home/alecr/ros2_ws/install/mqp:/home/alecr/ros2_ws/install/launch_param_builder:/home/alecr/ros2_ws/install/MQP:/home/alecr/ros2_ws/install/HRI:/opt/ros/humble LD_LIBRARY_PATH=/home/alecr/HRI/install/open_manipulator_x_libs/lib:/home/alecr/HRI/install/robotis_manipulator/lib:/home/alecr/HRI/install/dynamixel_workbench_toolbox/lib:/home/alecr/HRI/install/open_manipulator_msgs/lib:/home/alecr/HRI/install/dynamixel_sdk/lib:/home/alecr/HRI/install/dynamixel_sdk_custom_interfaces/lib:/home/alecr/ros2_ws/install/srdfdom/lib:/home/alecr/ros2_ws/install/rviz_marker_tools/lib:/home/alecr/ros2_ws/install/rosparam_shortcuts/lib:/home/alecr/ros2_ws/install/open_manipulator_x_gui/lib:/home/alecr/ros2_ws/install/moveit_task_constructor_msgs/lib:/home/alecr/ros2_ws/install/interfaces/lib:/home/alecr/ros2_ws/install/dynamixel_sdk_custom_interfaces/lib:/home/alecr/ros2_ws/install/dynamixel_hardware_interface/lib:/home/alecr/ros2_ws/install/dynamixel_sdk/lib:/home/alecr/ros2_ws/install/dynamixel_interfaces/lib:/opt/ros/humble/opt/rviz_ogre_vendor/lib:/opt/ros/humble/lib/x86_64-linux-gnu:/opt/ros/humble/lib /usr/bin/cmake --build /home/alecr/HRI/build/open_manipulator -- -j16 -l16
[0.911s] DEBUG:colcon.colcon_core.event_handler.log_command:Invoking command in '/home/alecr/HRI/build/open_manipulator': CMAKE_PREFIX_PATH=/home/alecr/HRI/install/open_manipulator_x_controller:/home/alecr/HRI/install/open_manipulator_x_libs:/home/alecr/HRI/install/robotis_manipulator:/home/alecr/HRI/install/dynamixel_workbench_toolbox:/home/alecr/HRI/install/open_manipulator_x_description:/home/alecr/HRI/install/open_manipulator_msgs:/home/alecr/HRI/install/dynamixel_sdk:/home/alecr/HRI/install/cmake_modules:/home/alecr/HRI/install/open_manipulator:/home/alecr/HRI/install/rbe500-example:/home/alecr/HRI/install/dynamixel_workbench:/home/alecr/HRI/install/dynamixel_sdk_examples:/home/alecr/HRI/install/dynamixel_sdk_custom_interfaces:/home/alecr/ros2_ws/install/open_manipulator:/home/alecr/ros2_ws/install/open_manipulator_x_teleop:/home/alecr/ros2_ws/install/open_manipulator_x_moveit_config:/home/alecr/ros2_ws/install/srdfdom:/home/alecr/ros2_ws/install/rviz_marker_tools:/home/alecr/ros2_ws/install/rosparam_shortcuts:/home/alecr/ros2_ws/install/open_manipulator_x_playground:/home/alecr/ros2_ws/install/open_manipulator_x_gui:/home/alecr/ros2_ws/install/open_manipulator_x_bringup:/home/alecr/ros2_ws/install/open_manipulator_x_description:/home/alecr/ros2_ws/install/moveit_task_constructor_msgs:/home/alecr/ros2_ws/install/moveit_resources_prbt_support:/home/alecr/ros2_ws/install/moveit_resources:/home/alecr/ros2_ws/install/moveit_resources_pr2_description:/home/alecr/ros2_ws/install/moveit_resources_panda_moveit_config:/home/alecr/ros2_ws/install/moveit_resources_panda_description:/home/alecr/ros2_ws/install/moveit_resources_fanuc_moveit_config:/home/alecr/ros2_ws/install/moveit_resources_fanuc_description:/home/alecr/ros2_ws/install/moveit_common:/home/alecr/ros2_ws/install/interfaces:/home/alecr/ros2_ws/install/dynamixel_sdk_examples:/home/alecr/ros2_ws/install/dynamixel_sdk_custom_interfaces:/home/alecr/ros2_ws/install/dynamixel_hardware_interface:/home/alecr/ros2_ws/install/dynamixel_sdk:/home/alecr/ros2_ws/install/dynamixel_interfaces:/home/alecr/HRI/install/rbe500_example_py:/home/alecr/HRI/install/arm_control:/home/alecr/ros2_ws/install/moveit_configs_utils:/home/alecr/ros2_ws/install/mqp_ros:/home/alecr/ros2_ws/install/mqp:/home/alecr/ros2_ws/install/launch_param_builder:/home/alecr/ros2_ws/install/MQP:/home/alecr/ros2_ws/install/HRI:/opt/ros/humble LD_LIBRARY_PATH=/home/alecr/HRI/install/open_manipulator_x_libs/lib:/home/alecr/HRI/install/robotis_manipulator/lib:/home/alecr/HRI/install/dynamixel_workbench_toolbox/lib:/home/alecr/HRI/install/open_manipulator_msgs/lib:/home/alecr/HRI/install/dynamixel_sdk/lib:/home/alecr/HRI/install/dynamixel_sdk_custom_interfaces/lib:/home/alecr/ros2_ws/install/srdfdom/lib:/home/alecr/ros2_ws/install/rviz_marker_tools/lib:/home/alecr/ros2_ws/install/rosparam_shortcuts/lib:/home/alecr/ros2_ws/install/open_manipulator_x_gui/lib:/home/alecr/ros2_ws/install/moveit_task_constructor_msgs/lib:/home/alecr/ros2_ws/install/interfaces/lib:/home/alecr/ros2_ws/install/dynamixel_sdk_custom_interfaces/lib:/home/alecr/ros2_ws/install/dynamixel_hardware_interface/lib:/home/alecr/ros2_ws/install/dynamixel_sdk/lib:/home/alecr/ros2_ws/install/dynamixel_interfaces/lib:/opt/ros/humble/opt/rviz_ogre_vendor/lib:/opt/ros/humble/lib/x86_64-linux-gnu:/opt/ros/humble/lib /usr/bin/cmake --install /home/alecr/HRI/build/open_manipulator
[0.921s] Level 1:colcon.colcon_core.environment:create_environment_scripts_only(open_manipulator)
[0.921s] Level 1:colcon.colcon_core.environment:checking '/home/alecr/HRI/install/open_manipulator' for CMake module files
[0.921s] DEBUG:colcon.colcon_core.event_handler.log_command:Invoked command in '/home/alecr/HRI/build/open_manipulator' returned '0': CMAKE_PREFIX_PATH=/home/alecr/HRI/install/open_manipulator_x_controller:/home/alecr/HRI/install/open_manipulator_x_libs:/home/alecr/HRI/install/robotis_manipulator:/home/alecr/HRI/install/dynamixel_workbench_toolbox:/home/alecr/HRI/install/open_manipulator_x_description:/home/alecr/HRI/install/open_manipulator_msgs:/home/alecr/HRI/install/dynamixel_sdk:/home/alecr/HRI/install/cmake_modules:/home/alecr/HRI/install/open_manipulator:/home/alecr/HRI/install/rbe500-example:/home/alecr/HRI/install/dynamixel_workbench:/home/alecr/HRI/install/dynamixel_sdk_examples:/home/alecr/HRI/install/dynamixel_sdk_custom_interfaces:/home/alecr/ros2_ws/install/open_manipulator:/home/alecr/ros2_ws/install/open_manipulator_x_teleop:/home/alecr/ros2_ws/install/open_manipulator_x_moveit_config:/home/alecr/ros2_ws/install/srdfdom:/home/alecr/ros2_ws/install/rviz_marker_tools:/home/alecr/ros2_ws/install/rosparam_shortcuts:/home/alecr/ros2_ws/install/open_manipulator_x_playground:/home/alecr/ros2_ws/install/open_manipulator_x_gui:/home/alecr/ros2_ws/install/open_manipulator_x_bringup:/home/alecr/ros2_ws/install/open_manipulator_x_description:/home/alecr/ros2_ws/install/moveit_task_constructor_msgs:/home/alecr/ros2_ws/install/moveit_resources_prbt_support:/home/alecr/ros2_ws/install/moveit_resources:/home/alecr/ros2_ws/install/moveit_resources_pr2_description:/home/alecr/ros2_ws/install/moveit_resources_panda_moveit_config:/home/alecr/ros2_ws/install/moveit_resources_panda_description:/home/alecr/ros2_ws/install/moveit_resources_fanuc_moveit_config:/home/alecr/ros2_ws/install/moveit_resources_fanuc_description:/home/alecr/ros2_ws/install/moveit_common:/home/alecr/ros2_ws/install/interfaces:/home/alecr/ros2_ws/install/dynamixel_sdk_examples:/home/alecr/ros2_ws/install/dynamixel_sdk_custom_interfaces:/home/alecr/ros2_ws/install/dynamixel_hardware_interface:/home/alecr/ros2_ws/install/dynamixel_sdk:/home/alecr/ros2_ws/install/dynamixel_interfaces:/home/alecr/HRI/install/rbe500_example_py:/home/alecr/HRI/install/arm_control:/home/alecr/ros2_ws/install/moveit_configs_utils:/home/alecr/ros2_ws/install/mqp_ros:/home/alecr/ros2_ws/install/mqp:/home/alecr/ros2_ws/install/launch_param_builder:/home/alecr/ros2_ws/install/MQP:/home/alecr/ros2_ws/install/HRI:/opt/ros/humble LD_LIBRARY_PATH=/home/alecr/HRI/install/open_manipulator_x_libs/lib:/home/alecr/HRI/install/robotis_manipulator/lib:/home/alecr/HRI/install/dynamixel_workbench_toolbox/lib:/home/alecr/HRI/install/open_manipulator_msgs/lib:/home/alecr/HRI/install/dynamixel_sdk/lib:/home/alecr/HRI/install/dynamixel_sdk_custom_interfaces/lib:/home/alecr/ros2_ws/install/srdfdom/lib:/home/alecr/ros2_ws/install/rviz_marker_tools/lib:/home/alecr/ros2_ws/install/rosparam_shortcuts/lib:/home/alecr/ros2_ws/install/open_manipulator_x_gui/lib:/home/alecr/ros2_ws/install/moveit_task_constructor_msgs/lib:/home/alecr/ros2_ws/install/interfaces/lib:/home/alecr/ros2_ws/install/dynamixel_sdk_custom_interfaces/lib:/home/alecr/ros2_ws/install/dynamixel_hardware_interface/lib:/home/alecr/ros2_ws/install/dynamixel_sdk/lib:/home/alecr/ros2_ws/install/dynamixel_interfaces/lib:/opt/ros/humble/opt/rviz_ogre_vendor/lib:/opt/ros/humble/lib/x86_64-linux-gnu:/opt/ros/humble/lib /usr/bin/cmake --install /home/alecr/HRI/build/open_manipulator
[0.921s] Level 1:colcon.colcon_core.environment:checking '/home/alecr/HRI/install/open_manipulator' for CMake config files
[0.921s] Level 1:colcon.colcon_core.shell:create_environment_hook('open_manipulator', 'cmake_prefix_path')
[0.921s] INFO:colcon.colcon_core.shell:Creating environment hook '/home/alecr/HRI/install/open_manipulator/share/open_manipulator/hook/cmake_prefix_path.ps1'
[0.922s] INFO:colcon.colcon_core.shell:Creating environment descriptor '/home/alecr/HRI/install/open_manipulator/share/open_manipulator/hook/cmake_prefix_path.dsv'
[0.922s] INFO:colcon.colcon_core.shell:Creating environment hook '/home/alecr/HRI/install/open_manipulator/share/open_manipulator/hook/cmake_prefix_path.sh'
[0.922s] Level 1:colcon.colcon_core.environment:checking '/home/alecr/HRI/install/open_manipulator/bin'
[0.922s] Level 1:colcon.colcon_core.environment:checking '/home/alecr/HRI/install/open_manipulator/lib/pkgconfig/open_manipulator.pc'
[0.923s] Level 1:colcon.colcon_core.environment:checking '/home/alecr/HRI/install/open_manipulator/lib/python3.10/site-packages'
[0.923s] Level 1:colcon.colcon_core.environment:checking '/home/alecr/HRI/install/open_manipulator/bin'
[0.923s] INFO:colcon.colcon_core.shell:Creating package script '/home/alecr/HRI/install/open_manipulator/share/open_manipulator/package.ps1'
[0.923s] INFO:colcon.colcon_core.shell:Creating package descriptor '/home/alecr/HRI/install/open_manipulator/share/open_manipulator/package.dsv'
[0.924s] INFO:colcon.colcon_core.shell:Creating package script '/home/alecr/HRI/install/open_manipulator/share/open_manipulator/package.sh'
[0.924s] INFO:colcon.colcon_core.shell:Creating package script '/home/alecr/HRI/install/open_manipulator/share/open_manipulator/package.bash'
[0.924s] INFO:colcon.colcon_core.shell:Creating package script '/home/alecr/HRI/install/open_manipulator/share/open_manipulator/package.zsh'
[0.924s] Level 1:colcon.colcon_core.environment:create_file_with_runtime_dependencies(/home/alecr/HRI/install/open_manipulator/share/colcon-core/packages/open_manipulator)
[0.925s] Level 1:colcon.colcon_core.environment:create_environment_scripts_only(open_manipulator)
[0.925s] Level 1:colcon.colcon_core.environment:checking '/home/alecr/HRI/install/open_manipulator' for CMake module files
[0.925s] Level 1:colcon.colcon_core.environment:checking '/home/alecr/HRI/install/open_manipulator' for CMake config files
[0.925s] Level 1:colcon.colcon_core.shell:create_environment_hook('open_manipulator', 'cmake_prefix_path')
[0.925s] INFO:colcon.colcon_core.shell:Creating environment hook '/home/alecr/HRI/install/open_manipulator/share/open_manipulator/hook/cmake_prefix_path.ps1'
[0.925s] INFO:colcon.colcon_core.shell:Creating environment descriptor '/home/alecr/HRI/install/open_manipulator/share/open_manipulator/hook/cmake_prefix_path.dsv'
[0.925s] INFO:colcon.colcon_core.shell:Creating environment hook '/home/alecr/HRI/install/open_manipulator/share/open_manipulator/hook/cmake_prefix_path.sh'
[0.926s] Level 1:colcon.colcon_core.environment:checking '/home/alecr/HRI/install/open_manipulator/bin'
[0.926s] Level 1:colcon.colcon_core.environment:checking '/home/alecr/HRI/install/open_manipulator/lib/pkgconfig/open_manipulator.pc'
[0.926s] Level 1:colcon.colcon_core.environment:checking '/home/alecr/HRI/install/open_manipulator/lib/python3.10/site-packages'
[0.926s] Level 1:colcon.colcon_core.environment:checking '/home/alecr/HRI/install/open_manipulator/bin'
[0.926s] INFO:colcon.colcon_core.shell:Creating package script '/home/alecr/HRI/install/open_manipulator/share/open_manipulator/package.ps1'
[0.927s] INFO:colcon.colcon_core.shell:Creating package descriptor '/home/alecr/HRI/install/open_manipulator/share/open_manipulator/package.dsv'
[0.927s] INFO:colcon.colcon_core.shell:Creating package script '/home/alecr/HRI/install/open_manipulator/share/open_manipulator/package.sh'
[0.927s] INFO:colcon.colcon_core.shell:Creating package script '/home/alecr/HRI/install/open_manipulator/share/open_manipulator/package.bash'
[0.928s] INFO:colcon.colcon_core.shell:Creating package script '/home/alecr/HRI/install/open_manipulator/share/open_manipulator/package.zsh'
[0.928s] Level 1:colcon.colcon_core.environment:create_file_with_runtime_dependencies(/home/alecr/HRI/install/open_manipulator/share/colcon-core/packages/open_manipulator)
[0.972s] Level 1:colcon.colcon_core.environment:checking '/home/alecr/HRI/install/arm_control' for CMake module files
[0.972s] DEBUG:colcon.colcon_core.event_handler.log_command:Invoked command in '/home/alecr/HRI/src/arm_control' returned '0': PYTHONPATH=/home/alecr/HRI/build/arm_control/prefix_override:/usr/lib/python3/dist-packages/colcon_core/task/python/colcon_distutils_commands:/home/alecr/HRI/install/arm_control/lib/python3.10/site-packages:${PYTHONPATH} /usr/bin/python3 -W ignore:setup.py install is deprecated -W ignore:easy_install command is deprecated setup.py egg_info --egg-base ../../build/arm_control build --build-base /home/alecr/HRI/build/arm_control/build install --record /home/alecr/HRI/build/arm_control/install.log --single-version-externally-managed install_data
[0.973s] Level 1:colcon.colcon_core.environment:checking '/home/alecr/HRI/install/arm_control' for CMake config files
[0.973s] Level 1:colcon.colcon_core.environment:checking '/home/alecr/HRI/install/arm_control/lib'
[0.973s] Level 1:colcon.colcon_core.environment:checking '/home/alecr/HRI/install/arm_control/bin'
[0.973s] Level 1:colcon.colcon_core.environment:checking '/home/alecr/HRI/install/arm_control/lib/pkgconfig/arm_control.pc'
[0.973s] Level 1:colcon.colcon_core.environment:checking '/home/alecr/HRI/install/arm_control/lib/python3.10/site-packages'
[0.973s] Level 1:colcon.colcon_core.shell:create_environment_hook('arm_control', 'pythonpath')
[0.973s] INFO:colcon.colcon_core.shell:Creating environment hook '/home/alecr/HRI/install/arm_control/share/arm_control/hook/pythonpath.ps1'
[0.974s] INFO:colcon.colcon_core.shell:Creating environment descriptor '/home/alecr/HRI/install/arm_control/share/arm_control/hook/pythonpath.dsv'
[0.974s] INFO:colcon.colcon_core.shell:Creating environment hook '/home/alecr/HRI/install/arm_control/share/arm_control/hook/pythonpath.sh'
[0.974s] Level 1:colcon.colcon_core.environment:checking '/home/alecr/HRI/install/arm_control/bin'
[0.974s] Level 1:colcon.colcon_core.environment:create_environment_scripts_only(arm_control)
[0.974s] INFO:colcon.colcon_core.shell:Creating package script '/home/alecr/HRI/install/arm_control/share/arm_control/package.ps1'
[0.975s] INFO:colcon.colcon_core.shell:Creating package descriptor '/home/alecr/HRI/install/arm_control/share/arm_control/package.dsv'
[0.975s] INFO:colcon.colcon_core.shell:Creating package script '/home/alecr/HRI/install/arm_control/share/arm_control/package.sh'
[0.975s] INFO:colcon.colcon_core.shell:Creating package script '/home/alecr/HRI/install/arm_control/share/arm_control/package.bash'
[0.975s] INFO:colcon.colcon_core.shell:Creating package script '/home/alecr/HRI/install/arm_control/share/arm_control/package.zsh'
[0.976s] Level 1:colcon.colcon_core.environment:create_file_with_runtime_dependencies(/home/alecr/HRI/install/arm_control/share/colcon-core/packages/arm_control)
[0.976s] DEBUG:colcon.colcon_parallel_executor.executor.parallel:closing loop
[0.976s] DEBUG:colcon.colcon_parallel_executor.executor.parallel:loop closed
[0.976s] DEBUG:colcon.colcon_parallel_executor.executor.parallel:run_until_complete finished with '0'
[0.976s] DEBUG:colcon.colcon_core.event_reactor:joining thread
[0.980s] INFO:colcon.colcon_core.plugin_system:Skipping extension 'colcon_notification.desktop_notification.terminal_notifier': Not used on non-Darwin systems
[0.980s] INFO:colcon.colcon_core.plugin_system:Skipping extension 'colcon_notification.desktop_notification.win32': Not used on non-Windows systems
[0.980s] INFO:colcon.colcon_notification.desktop_notification:Sending desktop notification using 'notify2'
[0.988s] DEBUG:colcon.colcon_core.event_reactor:joined thread
[0.988s] INFO:colcon.colcon_core.shell:Creating prefix script '/home/alecr/HRI/install/local_setup.ps1'
[0.989s] INFO:colcon.colcon_core.shell:Creating prefix util module '/home/alecr/HRI/install/_local_setup_util_ps1.py'
[0.990s] INFO:colcon.colcon_core.shell:Creating prefix chain script '/home/alecr/HRI/install/setup.ps1'
[0.991s] INFO:colcon.colcon_core.shell:Creating prefix script '/home/alecr/HRI/install/local_setup.sh'
[0.992s] INFO:colcon.colcon_core.shell:Creating prefix util module '/home/alecr/HRI/install/_local_setup_util_sh.py'
[0.992s] INFO:colcon.colcon_core.shell:Creating prefix chain script '/home/alecr/HRI/install/setup.sh'
[0.993s] INFO:colcon.colcon_core.shell:Creating prefix script '/home/alecr/HRI/install/local_setup.bash'
[0.994s] INFO:colcon.colcon_core.shell:Creating prefix chain script '/home/alecr/HRI/install/setup.bash'
[0.995s] INFO:colcon.colcon_core.shell:Creating prefix script '/home/alecr/HRI/install/local_setup.zsh'
[0.995s] INFO:colcon.colcon_core.shell:Creating prefix chain script '/home/alecr/HRI/install/setup.zsh'
